Mutated_genes,Structural_variants_genes,CNA_genes,DEG_posi,DEG_nega,DEG,Epi_modiffications,All
Gene_TTN,Gene_SERPINB3,Gene_RN7SL52P,Gene_RHPN1,Gene_C11orf87,Gene_RHPN1,Gene_TTN,Gene_TTN
Gene_TP53,Gene_TMPRSS2,Gene_EDA2R,Gene_HPN,Gene_LINC02786,Gene_HPN,Gene_TP53,Gene_TP53
Gene_SPOP,Gene_ERG,Gene_OPHN1,Gene_TRIB1,Gene_AC025062.3,Gene_TRIB1,Gene_SPOP,Gene_SPOP
Gene_OBSCN,Gene_ZBTB16,Gene_HEPH,Gene_CGREF1,Gene_AL162388.2,Gene_CGREF1,Gene_OBSCN,Gene_OBSCN
Gene_DYNC1H1,Gene_ETV1,Gene_GAGE12H,Gene_CLDN3,Gene_KRT9,Gene_CLDN3,Gene_DYNC1H1,Gene_DYNC1H1
Gene_DNAH3,Gene_CASC11,Gene_YIPF6,Gene_MPC2,Gene_CNTFR-AS1,Gene_MPC2,Gene_DNAH3,Gene_DNAH3
Gene_AR,Gene_PVT1,Gene_VSIG4,Gene_CLDN7,Gene_AL161669.1,Gene_CLDN7,Gene_AR,Gene_AR
Gene_KPRP,Gene_TP53,Gene_RN7SL563P,Gene_PVT1,Gene_LINC01858,Gene_PVT1,Gene_KPRP,Gene_KPRP
Gene_ADGRF4,Gene_SLC45A3,Gene_MSN,Gene_RNFT2,Gene_EDN3,Gene_RNFT2,Gene_ADGRF4,Gene_ADGRF4
Gene_CDK12,Gene_ETV4,Gene_STARD8,Gene_GSC,Gene_INSYN2A,Gene_GSC,Gene_CDK12,Gene_CDK12
Gene_CCDC40,Gene_TMEFF2,Gene_FRMD8P1,Gene_PRR36,Gene_AC100823.1,Gene_PRR36,Gene_CCDC40,Gene_CCDC40
Gene_PLXNA2,Gene_GPATCH8,Gene_OR51H1,Gene_TRIM36,Gene_LINGO2,Gene_TRIM36,Gene_PLXNA2,Gene_PLXNA2
Gene_POLR3G,Gene_NEDD4L,Gene_OR51C1P,Gene_HPN-AS1,Gene_AC004448.2,Gene_HPN-AS1,Gene_POLR3G,Gene_POLR3G
Gene_ZNF442,Gene_YARS1,Gene_RN7SL41P,Gene_CASC19,Gene_CRYGD,Gene_CASC19,Gene_ZNF442,Gene_ZNF442
Gene_PPFIA3,Gene_TTC6,Gene_LAS1L,Gene_CBX8,Gene_AL603840.1,Gene_CBX8,Gene_PPFIA3,Gene_PPFIA3
Gene_FSIP2,Gene_SLC4A4,Gene_ZC3H12B,Gene_SNORA73B,Gene_AMER2,Gene_SNORA73B,Gene_FSIP2,Gene_FSIP2
Gene_ZNF729,Gene_HMGN2P46,Gene_LINC00302,Gene_AC013287.1,Gene_WDR72,Gene_AC013287.1,Gene_ZNF729,Gene_ZNF729
Gene_EPHB1,Gene_PTEN,Gene_RN7SL685P,Gene_RPL7P16,Gene_LINC02094,Gene_RPL7P16,Gene_EPHB1,Gene_EPHB1
Gene_APC,Gene_BRAF,Gene_RNU6ATAC41P,Gene_RAB17,Gene_AC026904.2,Gene_RAB17,Gene_APC,Gene_APC
Gene_PRKCSH,Gene_ELK4,Gene_RN7SKP249,Gene_DLX1,Gene_KBTBD13,Gene_DLX1,Gene_PRKCSH,Gene_PRKCSH
Gene_COL14A1,Gene_TCF12,Gene_EFNB1,Gene_HOXC6,Gene_AC009102.2,Gene_HOXC6,Gene_COL14A1,Gene_COL14A1
Gene_CYP2S1,Gene_KDM2B,Gene_AR,Gene_B4GALNT4,Gene_LOC101929106,Gene_B4GALNT4,Gene_CYP2S1,Gene_CYP2S1
Gene_KCNAB3,Gene_NDRG1,Gene_PTEN,Gene_DRAIC,Gene_DRD5,Gene_DRAIC,Gene_KCNAB3,Gene_KCNAB3
Gene_ARSL,Gene_LINC-PINT,Gene_RNLS,Gene_ARHGEF26,Gene_PRRG3,Gene_ARHGEF26,Gene_ARSL,Gene_ARSL
Gene_ADAM19,NA,Gene_ZC4H2,Gene_ST8SIA6-AS1,Gene_AC090994.1,Gene_ST8SIA6-AS1,Gene_ADAM19,Gene_ADAM19
Gene_TCHH,NA,Gene_RNA5SP278,Gene_STEAP1,Gene_STARD8,Gene_STEAP1,Gene_TCHH,Gene_TCHH
Gene_PTPRH,NA,Gene_RN7SL134P,Gene_GABRD,Gene_VIT,Gene_GABRD,Gene_PTPRH,Gene_PTPRH
Gene_LRP2,NA,Gene_RN7SKP190,Gene_FOXP4-AS1,Gene_MIR3659HG,Gene_FOXP4-AS1,Gene_LRP2,Gene_LRP2
Gene_SLC26A2,NA,Gene_RN7SL303P,Gene_SLC25A10,Gene_TMEM252,Gene_SLC25A10,Gene_SLC26A2,Gene_SLC26A2
Gene_HMCN1,NA,Gene_CFL1P1,Gene_PCAT1,Gene_ALDH1L1-AS2,Gene_PCAT1,Gene_HMCN1,Gene_HMCN1
Gene_CRY1,NA,Gene_PJA1,Gene_KLK15,Gene_PNMT,Gene_KLK15,Gene_CRY1,Gene_CRY1
Gene_CORO1B,NA,Gene_CASC8,Gene_EPHA10,Gene_DNM1P46,Gene_EPHA10,Gene_CORO1B,Gene_CORO1B
Gene_FLG,NA,Gene_KLLN,Gene_GDF15,Gene_NCAM1-AS1,Gene_GDF15,Gene_FLG,Gene_FLG
Gene_SDK1,NA,Gene_GAGE12G,Gene_CBX2,Gene_S100A5,Gene_CBX2,Gene_SDK1,Gene_SDK1
Gene_PEX5L,NA,Gene_GAGE12E,Gene_FOLH1,Gene_AC026469.1,Gene_FOLH1,Gene_PEX5L,Gene_PEX5L
Gene_TRAPPC13,NA,Gene_GAGE12C,Gene_BIK,Gene_POU3F1,Gene_BIK,Gene_TRAPPC13,Gene_TRAPPC13
Gene_IGFN1,NA,Gene_GAGE12B,Gene_EEF1AKMT4,Gene_AC018358.1,Gene_EEF1AKMT4,Gene_IGFN1,Gene_IGFN1
Gene_ARHGEF3,NA,Gene_RNU6ATAC8P,Gene_PCAT7,Gene_CDH23,Gene_PCAT7,Gene_ARHGEF3,Gene_ARHGEF3
Gene_PACS1,NA,Gene_GAGE12D,Gene_STX19,Gene_LINC00836,Gene_STX19,Gene_PACS1,Gene_PACS1
Gene_ZNF208,NA,Gene_OR7E47P,Gene_LOC105373958,Gene_CHRNA4,Gene_LOC105373958,Gene_ZNF208,Gene_ZNF208
Gene_DCHS1,NA,Gene_RN7SL350P,Gene_HOXC4,Gene_RPE65,Gene_HOXC4,Gene_DCHS1,Gene_DCHS1
Gene_ZNF254,NA,Gene_MTMR8,Gene_SLC7A11,Gene_AC016769.1,Gene_SLC7A11,Gene_ZNF254,Gene_ZNF254
Gene_ZNF626,NA,Gene_GAGE6,Gene_GABRB3,Gene_SSTR3,Gene_GABRB3,Gene_ZNF626,Gene_ZNF626
Gene_EPB41L3,NA,Gene_ATAD1,Gene_AP000437.1,Gene_CYP11A1,Gene_AP000437.1,Gene_EPB41L3,Gene_EPB41L3
Gene_USH2A,NA,Gene_BAALC-AS1,Gene_TM7SF2,Gene_LINC00968,Gene_TM7SF2,Gene_USH2A,Gene_USH2A
Gene_CSMD3,NA,Gene_MIR2052HG,Gene_PPP1R14B,Gene_RAB37,Gene_PPP1R14B,Gene_CSMD3,Gene_CSMD3
Gene_MYO18B,NA,Gene_FAM83A-AS1,Gene_BEND3,Gene_SLC47A1P1,Gene_BEND3,Gene_MYO18B,Gene_MYO18B
Gene_ALMS1,NA,Gene_RN7SL293P,Gene_CAMK2N2,Gene_CMTM5,Gene_CAMK2N2,Gene_ALMS1,Gene_ALMS1
Gene_RP1,NA,Gene_RN7SKP85,Gene_AC010503.4,Gene_ADRB3,Gene_AC010503.4,Gene_RP1,Gene_RP1
Gene_MUC16,NA,Gene_KRT87P,Gene_MYC,Gene_CCDC85A,Gene_MYC,Gene_MUC16,Gene_MUC16
Gene_MDC1,NA,Gene_RN7SKP88,Gene_TLCD1,Gene_ABCC6,Gene_TLCD1,Gene_MDC1,Gene_MDC1
Gene_PDE4DIP,NA,Gene_RN7SL78P,Gene_DNAH5,Gene_KY,Gene_DNAH5,Gene_PDE4DIP,Gene_PDE4DIP
Gene_FAT3,NA,Gene_LINC00964,Gene_NCAPG,Gene_RNF112,Gene_NCAPG,Gene_FAT3,Gene_FAT3
Gene_NFKBIZ,NA,Gene_EDN2,Gene_PDLIM5,Gene_AC090826.1,Gene_PDLIM5,Gene_NFKBIZ,Gene_NFKBIZ
Gene_SYNE1,NA,Gene_POU5F1B,Gene_PYCR1,Gene_C1QL1,Gene_PYCR1,Gene_SYNE1,Gene_SYNE1
Gene_MUC17,NA,Gene_LINC00861,Gene_GLYATL1,Gene_ADCYAP1R1,Gene_GLYATL1,Gene_MUC17,Gene_MUC17
NA,NA,Gene_PCAT1,Gene_ARFGEF3,Gene_AP005264.7,Gene_ARFGEF3,Gene_SERPINB3,Gene_SERPINB3
NA,NA,Gene_NACA4P,Gene_MKI67,Gene_SNAI2,Gene_MKI67,Gene_TMPRSS2,Gene_TMPRSS2
NA,NA,Gene_LIPJ,Gene_ONECUT2,Gene_SOSTDC1,Gene_ONECUT2,Gene_ERG,Gene_ERG
NA,NA,Gene_GAGE12I,Gene_CPNE7,Gene_LINC00877,Gene_CPNE7,Gene_ZBTB16,Gene_ZBTB16
NA,NA,Gene_CFAP418-AS1,Gene_PKP3,Gene_SPRY2,Gene_PKP3,Gene_ETV1,Gene_ETV1
NA,NA,Gene_C8ORF89,Gene_CFAP65,Gene_KANK4,Gene_CFAP65,Gene_CASC11,Gene_CASC11
NA,NA,Gene_STAU2-AS1,Gene_LOC105372441,Gene_JPH4,Gene_LOC105372441,Gene_PVT1,Gene_PVT1
NA,NA,Gene_ZNF706,Gene_C19orf48,Gene_F7,Gene_C19orf48,Gene_SLC45A3,Gene_SLC45A3
NA,NA,Gene_PI15,Gene_LUZP2,Gene_EVX2,Gene_LUZP2,Gene_ETV4,Gene_ETV4
NA,NA,Gene_GDAP1,Gene_CFAP57,Gene_PCARE,Gene_CFAP57,Gene_TMEFF2,Gene_TMEFF2
NA,NA,Gene_ZFAT-AS1,Gene_RIMKLA,Gene_GPRC5B,Gene_RIMKLA,Gene_GPATCH8,Gene_GPATCH8
NA,NA,Gene_GRHL2,Gene_SNHG4,Gene_AC007637.1,Gene_SNHG4,Gene_NEDD4L,Gene_NEDD4L
NA,NA,Gene_GAGE12F,Gene_TMEM132A,Gene_RASGRF1,Gene_TMEM132A,Gene_YARS1,Gene_YARS1
NA,NA,Gene_UBE2W,Gene_BEND4,Gene_DCHS2,Gene_BEND4,Gene_TTC6,Gene_TTC6
NA,NA,Gene_LINC01591,Gene_SRCIN1,Gene_RBFOX1,Gene_SRCIN1,Gene_SLC4A4,Gene_SLC4A4
NA,NA,Gene_NALF2,Gene_MNX1-AS1,Gene_JAZF1-AS1,Gene_MNX1-AS1,Gene_HMGN2P46,Gene_HMGN2P46
NA,NA,Gene_CCN4,Gene_AC138409.2,Gene_TVP23A,Gene_AC138409.2,Gene_PTEN,Gene_PTEN
NA,NA,Gene_JPH1,Gene_SNX22,Gene_CHP2,Gene_SNX22,Gene_BRAF,Gene_BRAF
NA,NA,Gene_ZXDA,Gene_FASN,Gene_SIGLEC6,Gene_FASN,Gene_ELK4,Gene_ELK4
NA,NA,Gene_TMEM70,Gene_HJURP,Gene_CNTFR,Gene_HJURP,Gene_TCF12,Gene_TCF12
NA,NA,Gene_ZBTB10,Gene_PRAC2,Gene_KIAA1614,Gene_PRAC2,Gene_KDM2B,Gene_KDM2B
NA,NA,Gene_LINC00977,Gene_AL031123.2,Gene_AL157414.4,Gene_AL031123.2,Gene_NDRG1,Gene_NDRG1
NA,NA,Gene_STAU2,Gene_NKX2-3,Gene_LOC100653233,Gene_NKX2-3,Gene_LINC-PINT,Gene_LINC-PINT
NA,NA,Gene_NCALD,Gene_H2AW,Gene_SORCS2,Gene_H2AW,Gene_RN7SL52P,Gene_RN7SL52P
NA,NA,Gene_LACTB2-AS1,Gene_CTNND2,Gene_AL391335.1,Gene_CTNND2,Gene_EDA2R,Gene_EDA2R
NA,NA,Gene_NDRG1,Gene_BMPR1B,Gene_DAAM2,Gene_BMPR1B,Gene_OPHN1,Gene_OPHN1
NA,NA,Gene_LY96,Gene_SBK1,Gene_RSPO2,Gene_SBK1,Gene_HEPH,Gene_HEPH
NA,NA,Gene_CRISPLD1,Gene_AL133325.3,Gene_AFF2,Gene_AL133325.3,Gene_GAGE12H,Gene_GAGE12H
NA,NA,Gene_TPD52,Gene_SKA3,Gene_GLT1D1,Gene_SKA3,Gene_YIPF6,Gene_YIPF6
NA,NA,Gene_PCAT2,Gene_ERVMER34-1,Gene_FXYD2,Gene_ERVMER34-1,Gene_VSIG4,Gene_VSIG4
NA,NA,Gene_RN7SKP206,Gene_EFNA2,Gene_G0S2,Gene_EFNA2,Gene_RN7SL563P,Gene_RN7SL563P
NA,NA,Gene_RN7SKP155,Gene_PCA3,Gene_DNM1P47,Gene_PCA3,Gene_MSN,Gene_MSN
NA,NA,Gene_BAALC-AS2,Gene_GAL,Gene_FGFR4,Gene_GAL,Gene_STARD8,Gene_STARD8
NA,NA,Gene_RDH10,Gene_TMC5,Gene_WFIKKN2,Gene_TMC5,Gene_FRMD8P1,Gene_FRMD8P1
NA,NA,Gene_MRPS28,Gene_AL161910.1,Gene_TULP2,Gene_AL161910.1,Gene_OR51H1,Gene_OR51H1
NA,NA,Gene_ZFHX4-AS1,Gene_TRGC1,Gene_GDF10,Gene_TRGC1,Gene_OR51C1P,Gene_OR51C1P
NA,NA,Gene_PRSS51,Gene_ARHGDIG,Gene_AP000757.1,Gene_ARHGDIG,Gene_RN7SL41P,Gene_RN7SL41P
NA,NA,Gene_ASAP1-IT2,Gene_LINC01977,Gene_CX3CR1,Gene_LINC01977,Gene_LAS1L,Gene_LAS1L
NA,NA,Gene_TCP11X1,Gene_FAM201A,Gene_LOC107985177,Gene_FAM201A,Gene_ZC3H12B,Gene_ZC3H12B
NA,NA,Gene_SLA,Gene_FAM222A,Gene_PENK,Gene_FAM222A,Gene_LINC00302,Gene_LINC00302
NA,NA,Gene_RN7SL107P,Gene_ALX4,Gene_AC004846.1,Gene_ALX4,Gene_RN7SL685P,Gene_RN7SL685P
NA,NA,Gene_CCDC26,Gene_IQANK1,Gene_COLEC10,Gene_IQANK1,Gene_RNU6ATAC41P,Gene_RNU6ATAC41P
NA,NA,Gene_RNA5SP252,Gene_FLJ20021,Gene_COL13A1,Gene_FLJ20021,Gene_RN7SKP249,Gene_RN7SKP249
NA,NA,Gene_RN7SKP226,Gene_CASKIN1,Gene_OCA2,Gene_CASKIN1,Gene_EFNB1,Gene_EFNB1
NA,NA,Gene_ASB12,Gene_CENPN,Gene_GPR161,Gene_CENPN,Gene_RNLS,Gene_RNLS
NA,NA,Gene_LINC01592,Gene_FAM111B,Gene_NELL2,Gene_FAM111B,Gene_ZC4H2,Gene_ZC4H2
NA,NA,Gene_ZNF704,Gene_TROAP,Gene_NDUFB4P11,Gene_TROAP,Gene_RNA5SP278,Gene_RNA5SP278
NA,NA,Gene_YWHAZ,Gene_MAL2,Gene_ADGRB3,Gene_MAL2,Gene_RN7SL134P,Gene_RN7SL134P
NA,NA,Gene_RPL7,Gene_CENPF,Gene_NTRK1,Gene_CENPF,Gene_RN7SKP190,Gene_RN7SKP190
NA,NA,Gene_UBR5,Gene_GDPD1,Gene_HCG23,Gene_GDPD1,Gene_RN7SL303P,Gene_RN7SL303P
NA,NA,Gene_HEY1,Gene_CDC25C,Gene_C6,Gene_CDC25C,Gene_CFL1P1,Gene_CFL1P1
NA,NA,Gene_RRM2B,Gene_AC026356.1,Gene_LOC100130587,Gene_AC026356.1,Gene_PJA1,Gene_PJA1
NA,NA,NA,Gene_MACIR,Gene_INKA2,Gene_MACIR,Gene_CASC8,Gene_CASC8
NA,NA,NA,Gene_GOLM1,Gene_NMUR1,Gene_GOLM1,Gene_KLLN,Gene_KLLN
NA,NA,NA,Gene_FGFRL1,Gene_MTMR11,Gene_FGFRL1,Gene_GAGE12G,Gene_GAGE12G
NA,NA,NA,Gene_CENPA,Gene_MKX-AS1,Gene_CENPA,Gene_GAGE12E,Gene_GAGE12E
NA,NA,NA,Gene_AL353637.2,Gene_COLGALT2,Gene_AL353637.2,Gene_GAGE12C,Gene_GAGE12C
NA,NA,NA,Gene_KIFC1,Gene_TAFA1,Gene_KIFC1,Gene_GAGE12B,Gene_GAGE12B
NA,NA,NA,Gene_ZP3,Gene_MCF2,Gene_ZP3,Gene_RNU6ATAC8P,Gene_RNU6ATAC8P
NA,NA,NA,Gene_PDIA2,Gene_AL118505.1,Gene_PDIA2,Gene_GAGE12D,Gene_GAGE12D
NA,NA,NA,Gene_PRR7,Gene_HHIPL2,Gene_PRR7,Gene_OR7E47P,Gene_OR7E47P
NA,NA,NA,Gene_BIRC5,Gene_TMEM221,Gene_BIRC5,Gene_RN7SL350P,Gene_RN7SL350P
NA,NA,NA,Gene_SLC6A11,Gene_ATP1A2,Gene_SLC6A11,Gene_MTMR8,Gene_MTMR8
NA,NA,NA,Gene_UBE2C,Gene_LINC02692,Gene_UBE2C,Gene_GAGE6,Gene_GAGE6
NA,NA,NA,Gene_RRM2,Gene_PROK1,Gene_RRM2,Gene_ATAD1,Gene_ATAD1
NA,NA,NA,Gene_FNDC10,Gene_CXCR2,Gene_FNDC10,Gene_BAALC-AS1,Gene_BAALC-AS1
NA,NA,NA,Gene_FOXL2,Gene_AC079467.1,Gene_FOXL2,Gene_MIR2052HG,Gene_MIR2052HG
NA,NA,NA,Gene_CENPM,Gene_IGSF1,Gene_CENPM,Gene_FAM83A-AS1,Gene_FAM83A-AS1
NA,NA,NA,Gene_RHOXF1P1,Gene_TRPV3,Gene_RHOXF1P1,Gene_RN7SL293P,Gene_RN7SL293P
NA,NA,NA,Gene_RAB26,Gene_ABCC6P2,Gene_RAB26,Gene_RN7SKP85,Gene_RN7SKP85
NA,NA,NA,Gene_VGF,Gene_AL049775.1,Gene_VGF,Gene_KRT87P,Gene_KRT87P
NA,NA,NA,Gene_AMACR,Gene_CAMK1G,Gene_AMACR,Gene_RN7SKP88,Gene_RN7SKP88
NA,NA,NA,Gene_AP000842.3,Gene_PYGM,Gene_AP000842.3,Gene_RN7SL78P,Gene_RN7SL78P
NA,NA,NA,Gene_NUDT8,Gene_FRMD6-AS2,Gene_NUDT8,Gene_LINC00964,Gene_LINC00964
NA,NA,NA,Gene_ALCAM,Gene_ADCY5,Gene_ALCAM,Gene_EDN2,Gene_EDN2
NA,NA,NA,Gene_ZIC5,Gene_NYNRIN,Gene_ZIC5,Gene_POU5F1B,Gene_POU5F1B
NA,NA,NA,Gene_SCHLAP1,Gene_AL009179.2,Gene_SCHLAP1,Gene_LINC00861,Gene_LINC00861
NA,NA,NA,Gene_BMPR1B-DT,Gene_ACP7,Gene_BMPR1B-DT,Gene_PCAT1,Gene_PCAT1
NA,NA,NA,Gene_PODXL2,Gene_AC079848.2,Gene_PODXL2,Gene_NACA4P,Gene_NACA4P
NA,NA,NA,Gene_TTK,Gene_CA14,Gene_TTK,Gene_LIPJ,Gene_LIPJ
NA,NA,NA,Gene_AC092306.1,Gene_SLC5A8,Gene_AC092306.1,Gene_GAGE12I,Gene_GAGE12I
NA,NA,NA,Gene_SRMS,Gene_EMILIN3,Gene_SRMS,Gene_CFAP418-AS1,Gene_CFAP418-AS1
NA,NA,NA,Gene_TLL2,Gene_AQP5,Gene_TLL2,Gene_C8ORF89,Gene_C8ORF89
NA,NA,NA,Gene_HOXB13,Gene_LYPLAL1-AS1,Gene_HOXB13,Gene_STAU2-AS1,Gene_STAU2-AS1
NA,NA,NA,Gene_XACT,Gene_ADRA1B,Gene_XACT,Gene_ZNF706,Gene_ZNF706
NA,NA,NA,Gene_MYBL2,Gene_LINC00900,Gene_MYBL2,Gene_PI15,Gene_PI15
NA,NA,NA,Gene_CDC20,Gene_AP000662.1,Gene_CDC20,Gene_GDAP1,Gene_GDAP1
NA,NA,NA,Gene_GPR158,Gene_LOC105378909,Gene_GPR158,Gene_ZFAT-AS1,Gene_ZFAT-AS1
NA,NA,NA,Gene_SLIT1,Gene_SLC16A2,Gene_SLIT1,Gene_GRHL2,Gene_GRHL2
NA,NA,NA,Gene_CDK1,Gene_BEST1,Gene_CDK1,Gene_GAGE12F,Gene_GAGE12F
NA,NA,NA,Gene_SNHG19,Gene_TGFB3,Gene_SNHG19,Gene_UBE2W,Gene_UBE2W
NA,NA,NA,Gene_ARLNC1,Gene_GIPC3,Gene_ARLNC1,Gene_LINC01591,Gene_LINC01591
NA,NA,NA,Gene_H2BU1,Gene_PARM1,Gene_H2BU1,Gene_NALF2,Gene_NALF2
NA,NA,NA,Gene_TK1,Gene_AC063944.1,Gene_TK1,Gene_CCN4,Gene_CCN4
NA,NA,NA,Gene_AC100826.1,Gene_FAM163A,Gene_AC100826.1,Gene_JPH1,Gene_JPH1
NA,NA,NA,Gene_ATP8A2,Gene_SIGLEC15,Gene_ATP8A2,Gene_ZXDA,Gene_ZXDA
NA,NA,NA,Gene_BHLHA15,Gene_RHBDL3,Gene_BHLHA15,Gene_TMEM70,Gene_TMEM70
NA,NA,NA,Gene_SPC24,Gene_SGCG,Gene_SPC24,Gene_ZBTB10,Gene_ZBTB10
NA,NA,NA,Gene_CDCA5,Gene_TRO,Gene_CDCA5,Gene_LINC00977,Gene_LINC00977
NA,NA,NA,Gene_PCSEAT,Gene_CFD,Gene_PCSEAT,Gene_STAU2,Gene_STAU2
NA,NA,NA,Gene_MESP1,Gene_LRRC3B,Gene_MESP1,Gene_NCALD,Gene_NCALD
NA,NA,NA,Gene_AL121612.2,Gene_RGL1,Gene_AL121612.2,Gene_LACTB2-AS1,Gene_LACTB2-AS1
NA,NA,NA,Gene_FEZF1-AS1,Gene_OLFML1,Gene_FEZF1-AS1,Gene_LY96,Gene_LY96
NA,NA,NA,Gene_ARHGEF38,Gene_LTBP4,Gene_ARHGEF38,Gene_CRISPLD1,Gene_CRISPLD1
NA,NA,NA,Gene_VAX2,Gene_SLC8A3,Gene_VAX2,Gene_TPD52,Gene_TPD52
NA,NA,NA,Gene_IQGAP3,Gene_MPO,Gene_IQGAP3,Gene_PCAT2,Gene_PCAT2
NA,NA,NA,Gene_CASC8,Gene_ADRA1A,Gene_CASC8,Gene_RN7SKP206,Gene_RN7SKP206
NA,NA,NA,Gene_MCCC2,Gene_SLIT3,Gene_MCCC2,Gene_RN7SKP155,Gene_RN7SKP155
NA,NA,NA,Gene_AC074141.1,Gene_SLC7A4,Gene_AC074141.1,Gene_BAALC-AS2,Gene_BAALC-AS2
NA,NA,NA,Gene_PIMREG,Gene_LOC101927825,Gene_PIMREG,Gene_RDH10,Gene_RDH10
NA,NA,NA,Gene_SIM2,Gene_MCC,Gene_SIM2,Gene_MRPS28,Gene_MRPS28
NA,NA,NA,Gene_UNC5A,Gene_B3GNT9,Gene_UNC5A,Gene_ZFHX4-AS1,Gene_ZFHX4-AS1
NA,NA,NA,Gene_TNK2-AS1,Gene_CYTL1,Gene_TNK2-AS1,Gene_PRSS51,Gene_PRSS51
NA,NA,NA,Gene_RNVU1-27,Gene_FXYD6,Gene_RNVU1-27,Gene_ASAP1-IT2,Gene_ASAP1-IT2
NA,NA,NA,Gene_H3C10,Gene_MAB21L1,Gene_H3C10,Gene_TCP11X1,Gene_TCP11X1
NA,NA,NA,Gene_TMEM238,Gene_PCYT1B,Gene_TMEM238,Gene_SLA,Gene_SLA
NA,NA,NA,Gene_PTPRT,Gene_FBXL21P,Gene_PTPRT,Gene_RN7SL107P,Gene_RN7SL107P
NA,NA,NA,Gene_GTSE1,Gene_HTR1E,Gene_GTSE1,Gene_CCDC26,Gene_CCDC26
NA,NA,NA,Gene_AL645608.6,Gene_NRG2,Gene_AL645608.6,Gene_RNA5SP252,Gene_RNA5SP252
NA,NA,NA,Gene_AC022034.3,Gene_COL4A6,Gene_AC022034.3,Gene_RN7SKP226,Gene_RN7SKP226
NA,NA,NA,Gene_ATP8A1,Gene_TMEM100,Gene_ATP8A1,Gene_ASB12,Gene_ASB12
NA,NA,NA,Gene_AC012531.1,Gene_LOC574538,Gene_AC012531.1,Gene_LINC01592,Gene_LINC01592
NA,NA,NA,Gene_KIF18B,Gene_SCN4B,Gene_KIF18B,Gene_ZNF704,Gene_ZNF704
NA,NA,NA,Gene_NBEAP1,Gene_UGT3A2,Gene_NBEAP1,Gene_YWHAZ,Gene_YWHAZ
NA,NA,NA,Gene_NKX3-2,Gene_HIF3A,Gene_NKX3-2,Gene_RPL7,Gene_RPL7
NA,NA,NA,Gene_ISG15,Gene_ABCC8,Gene_ISG15,Gene_UBR5,Gene_UBR5
NA,NA,NA,Gene_PBK,Gene_AL132642.1,Gene_PBK,Gene_HEY1,Gene_HEY1
NA,NA,NA,Gene_SLC45A2,Gene_SRD5A2,Gene_SLC45A2,Gene_RRM2B,Gene_RRM2B
NA,NA,NA,Gene_RAC3,Gene_FOLR1,Gene_RAC3,NA,Gene_RHPN1
NA,NA,NA,Gene_LMX1B,Gene_LOC283856,Gene_LMX1B,NA,Gene_HPN
NA,NA,NA,Gene_PAQR6,Gene_DRD2,Gene_PAQR6,NA,Gene_TRIB1
NA,NA,NA,Gene_PRAC1,Gene_AC010896.1,Gene_PRAC1,NA,Gene_CGREF1
NA,NA,NA,Gene_SPDEF,Gene_MAGEC3,Gene_SPDEF,NA,Gene_CLDN3
NA,NA,NA,Gene_DLX2,Gene_SCGB1A1,Gene_DLX2,NA,Gene_MPC2
NA,NA,NA,Gene_CRISP3,Gene_TMEM132C,Gene_CRISP3,NA,Gene_CLDN7
NA,NA,NA,Gene_SAPCD2,Gene_LOC100507387,Gene_SAPCD2,NA,Gene_RNFT2
NA,NA,NA,Gene_PKMYT1,Gene_SCN2B,Gene_PKMYT1,NA,Gene_GSC
NA,NA,NA,Gene_TRIM58,Gene_TSKS,Gene_TRIM58,NA,Gene_PRR36
NA,NA,NA,Gene_DNAH8,Gene_BLACAT1,Gene_DNAH8,NA,Gene_TRIM36
NA,NA,NA,Gene_TPX2,Gene_AL391807.1,Gene_TPX2,NA,Gene_HPN-AS1
NA,NA,NA,Gene_SPON2,Gene_MEIS3P2,Gene_SPON2,NA,Gene_CASC19
NA,NA,NA,Gene_AC023310.4,Gene_VCL,Gene_AC023310.4,NA,Gene_CBX8
NA,NA,NA,Gene_ALDH3B2,Gene_FTOP1,Gene_ALDH3B2,NA,Gene_SNORA73B
NA,NA,NA,Gene_FOXD1,Gene_AL365181.4,Gene_FOXD1,NA,Gene_AC013287.1
NA,NA,NA,Gene_NEK2,Gene_CCDC89,Gene_NEK2,NA,Gene_RPL7P16
NA,NA,NA,Gene_GRIN3A,Gene_PCDHGC3,Gene_GRIN3A,NA,Gene_RAB17
NA,NA,NA,Gene_AL645608.2,Gene_TSPAN11,Gene_AL645608.2,NA,Gene_DLX1
NA,NA,NA,Gene_ISX,Gene_EFCAB1,Gene_ISX,NA,Gene_HOXC6
NA,NA,NA,Gene_MT-TS2,Gene_PLAAT5,Gene_MT-TS2,NA,Gene_B4GALNT4
NA,NA,NA,Gene_KIF4A,Gene_PDE1C,Gene_KIF4A,NA,Gene_DRAIC
NA,NA,NA,Gene_NETO1,Gene_F10,Gene_NETO1,NA,Gene_ARHGEF26
NA,NA,NA,Gene_GAPLINC,Gene_IGDCC3,Gene_GAPLINC,NA,Gene_ST8SIA6-AS1
NA,NA,NA,Gene_C2CD4C,Gene_HPCAL4,Gene_C2CD4C,NA,Gene_STEAP1
NA,NA,NA,Gene_MNX1,Gene_CAPN6,Gene_MNX1,NA,Gene_GABRD
NA,NA,NA,Gene_AC069228.1,Gene_LRRC37A7P,Gene_AC069228.1,NA,Gene_FOXP4-AS1
NA,NA,NA,Gene_FOXL2NB,Gene_SRRM4,Gene_FOXL2NB,NA,Gene_SLC25A10
NA,NA,NA,Gene_DIRAS2,Gene_MYH6,Gene_DIRAS2,NA,Gene_KLK15
NA,NA,NA,Gene_TMEM145,Gene_ASTN1,Gene_TMEM145,NA,Gene_EPHA10
NA,NA,NA,Gene_AL162413.1,Gene_DPT,Gene_AL162413.1,NA,Gene_GDF15
NA,NA,NA,Gene_ASF1B,Gene_NYAP1,Gene_ASF1B,NA,Gene_CBX2
NA,NA,NA,Gene_AK5,Gene_ASPA,Gene_AK5,NA,Gene_FOLH1
NA,NA,NA,Gene_EEF1A2,Gene_FERMT1,Gene_EEF1A2,NA,Gene_BIK
NA,NA,NA,Gene_FOXB2,Gene_AL139351.3,Gene_FOXB2,NA,Gene_EEF1AKMT4
NA,NA,NA,Gene_AC131902.1,Gene_LYVE1,Gene_AC131902.1,NA,Gene_PCAT7
NA,NA,NA,Gene_PCOTH,Gene_DSCAML1,Gene_PCOTH,NA,Gene_STX19
NA,NA,NA,Gene_AURKB,Gene_LINC00908,Gene_AURKB,NA,Gene_LOC105373958
NA,NA,NA,Gene_VSTM2L,Gene_HOXD12,Gene_VSTM2L,NA,Gene_HOXC4
NA,NA,NA,Gene_ANKRD34B,Gene_ZNF423,Gene_ANKRD34B,NA,Gene_SLC7A11
NA,NA,NA,Gene_CRYBA2,Gene_DOC2B,Gene_CRYBA2,NA,Gene_GABRB3
NA,NA,NA,Gene_DNAH8-AS1,Gene_CXCL12,Gene_DNAH8-AS1,NA,Gene_AP000437.1
NA,NA,NA,Gene_ZIC2,Gene_TRHDE,Gene_ZIC2,NA,Gene_TM7SF2
NA,NA,NA,Gene_FIRRE,Gene_RHOJ,Gene_FIRRE,NA,Gene_PPP1R14B
NA,NA,NA,Gene_ALOX15,Gene_SLC47A1P2,Gene_ALOX15,NA,Gene_BEND3
NA,NA,NA,Gene_DNASE2B,Gene_SMTNL2,Gene_DNASE2B,NA,Gene_CAMK2N2
NA,NA,NA,Gene_ATOH1,Gene_KCNIP1-OT1,Gene_ATOH1,NA,Gene_AC010503.4
NA,NA,NA,Gene_ASPHD1,Gene_TSPAN18,Gene_ASPHD1,NA,Gene_MYC
NA,NA,NA,Gene_SHISA2,Gene_KLHL33,Gene_SHISA2,NA,Gene_TLCD1
NA,NA,NA,Gene_NKAIN1,Gene_CCK,Gene_NKAIN1,NA,Gene_DNAH5
NA,NA,NA,Gene_KRTAP5-1,Gene_HLF,Gene_KRTAP5-1,NA,Gene_NCAPG
NA,NA,NA,Gene_ADAM7,Gene_AC069120.1,Gene_ADAM7,NA,Gene_PDLIM5
NA,NA,NA,Gene_RAB6C-AS1,Gene_VSTM4,Gene_RAB6C-AS1,NA,Gene_PYCR1
NA,NA,NA,Gene_PLEKHB1,Gene_BRINP1,Gene_PLEKHB1,NA,Gene_GLYATL1
NA,NA,NA,Gene_LINC00993,Gene_TRPM3,Gene_LINC00993,NA,Gene_ARFGEF3
NA,NA,NA,Gene_LINC01687,Gene_ECE2,Gene_LINC01687,NA,Gene_MKI67
NA,NA,NA,Gene_KLK12,Gene_KANK2,Gene_KLK12,NA,Gene_ONECUT2
NA,NA,NA,Gene_KIF20A,Gene_RMDN2-AS1,Gene_KIF20A,NA,Gene_CPNE7
NA,NA,NA,Gene_ABCC11,Gene_C2orf88,Gene_ABCC11,NA,Gene_PKP3
NA,NA,NA,Gene_PPFIA2,Gene_LINC02139,Gene_PPFIA2,NA,Gene_CFAP65
NA,NA,NA,Gene_NKX6-1,Gene_LDB3,Gene_NKX6-1,NA,Gene_LOC105372441
NA,NA,NA,Gene_LOC101928295,Gene_HCG11,Gene_LOC101928295,NA,Gene_C19orf48
NA,NA,NA,Gene_CST2,Gene_C22orf15,Gene_CST2,NA,Gene_LUZP2
NA,NA,NA,Gene_LINC00939,Gene_FAXDC2,Gene_LINC00939,NA,Gene_CFAP57
NA,NA,NA,Gene_TUNAR,Gene_MAMLD1,Gene_TUNAR,NA,Gene_RIMKLA
NA,NA,NA,Gene_ADAM2,Gene_CDK15,Gene_ADAM2,NA,Gene_SNHG4
NA,NA,NA,Gene_AMH,Gene_ACTBP2,Gene_AMH,NA,Gene_TMEM132A
NA,NA,NA,Gene_MS4A8,Gene_GNAO1,Gene_MS4A8,NA,Gene_BEND4
NA,NA,NA,Gene_PCAT14,Gene_PPP1R3C,Gene_PCAT14,NA,Gene_SRCIN1
NA,NA,NA,Gene_DSCAM-AS1,Gene_ATRNL1,Gene_DSCAM-AS1,NA,Gene_MNX1-AS1
NA,NA,NA,Gene_FOXJ1,Gene_PLA2G2C,Gene_FOXJ1,NA,Gene_AC138409.2
NA,NA,NA,Gene_HES6,Gene_FBLN1,Gene_HES6,NA,Gene_SNX22
NA,NA,NA,Gene_KLB,Gene_KIAA1210,Gene_KLB,NA,Gene_FASN
NA,NA,NA,Gene_TMEM45B,Gene_AC139491.7,Gene_TMEM45B,NA,Gene_HJURP
NA,NA,NA,Gene_TRPM2-AS,Gene_DGKG,Gene_TRPM2-AS,NA,Gene_PRAC2
NA,NA,NA,Gene_LOC284930,Gene_NDRG2,Gene_LOC284930,NA,Gene_AL031123.2
NA,NA,NA,Gene_TFF3,Gene_PGF,Gene_TFF3,NA,Gene_NKX2-3
NA,NA,NA,Gene_KLK14,Gene_AC008808.2,Gene_KLK14,NA,Gene_H2AW
NA,NA,NA,Gene_H4C5,Gene_ANXA2P2,Gene_H4C5,NA,Gene_CTNND2
NA,NA,NA,Gene_AC092535.5,Gene_UBXN10,Gene_AC092535.5,NA,Gene_BMPR1B
NA,NA,NA,Gene_ELAVL2,Gene_FAM107A,Gene_ELAVL2,NA,Gene_SBK1
NA,NA,NA,Gene_PKIB,Gene_FER1L5,Gene_PKIB,NA,Gene_AL133325.3
NA,NA,NA,NA,Gene_AC005180.1,Gene_C11orf87,NA,Gene_SKA3
NA,NA,NA,NA,Gene_AL138479.2,Gene_LINC02786,NA,Gene_ERVMER34-1
NA,NA,NA,NA,Gene_NCAM1,Gene_AC025062.3,NA,Gene_EFNA2
NA,NA,NA,NA,Gene_RBP4,Gene_AL162388.2,NA,Gene_PCA3
NA,NA,NA,NA,Gene_MYLK,Gene_KRT9,NA,Gene_GAL
NA,NA,NA,NA,Gene_PCP4L1,Gene_CNTFR-AS1,NA,Gene_TMC5
NA,NA,NA,NA,Gene_ESPNL,Gene_AL161669.1,NA,Gene_AL161910.1
NA,NA,NA,NA,Gene_PRNP,Gene_LINC01858,NA,Gene_TRGC1
NA,NA,NA,NA,Gene_FAM90A1,Gene_EDN3,NA,Gene_ARHGDIG
NA,NA,NA,NA,Gene_RIMS3,Gene_INSYN2A,NA,Gene_LINC01977
NA,NA,NA,NA,Gene_AC026471.6,Gene_AC100823.1,NA,Gene_FAM201A
NA,NA,NA,NA,Gene_ASIP,Gene_LINGO2,NA,Gene_FAM222A
NA,NA,NA,NA,Gene_PNMA8B,Gene_AC004448.2,NA,Gene_ALX4
NA,NA,NA,NA,Gene_ADAMTS7P4,Gene_CRYGD,NA,Gene_IQANK1
NA,NA,NA,NA,Gene_ENPP7P11,Gene_AL603840.1,NA,Gene_FLJ20021
NA,NA,NA,NA,Gene_TCEAL5,Gene_AMER2,NA,Gene_CASKIN1
NA,NA,NA,NA,Gene_UGT3A1,Gene_WDR72,NA,Gene_CENPN
NA,NA,NA,NA,Gene_NPFFR2,Gene_LINC02094,NA,Gene_FAM111B
NA,NA,NA,NA,Gene_LGR6,Gene_AC026904.2,NA,Gene_TROAP
NA,NA,NA,NA,Gene_KCNE5,Gene_KBTBD13,NA,Gene_MAL2
NA,NA,NA,NA,Gene_ARHGAP20,Gene_AC009102.2,NA,Gene_CENPF
NA,NA,NA,NA,Gene_HAAO,Gene_LOC101929106,NA,Gene_GDPD1
NA,NA,NA,NA,Gene_LINC00954,Gene_DRD5,NA,Gene_CDC25C
NA,NA,NA,NA,Gene_BEX1,Gene_PRRG3,NA,Gene_AC026356.1
NA,NA,NA,NA,Gene_SEZ6L,Gene_AC090994.1,NA,Gene_MACIR
NA,NA,NA,NA,Gene_AL354766.2,Gene_STARD8,NA,Gene_GOLM1
NA,NA,NA,NA,Gene_SERPINA5,Gene_VIT,NA,Gene_FGFRL1
NA,NA,NA,NA,Gene_AC092376.2,Gene_MIR3659HG,NA,Gene_CENPA
NA,NA,NA,NA,Gene_INSRR,Gene_TMEM252,NA,Gene_AL353637.2
NA,NA,NA,NA,Gene_C21orf62,Gene_ALDH1L1-AS2,NA,Gene_KIFC1
NA,NA,NA,NA,Gene_PRSS35,Gene_PNMT,NA,Gene_ZP3
NA,NA,NA,NA,Gene_SORCS1,Gene_DNM1P46,NA,Gene_PDIA2
NA,NA,NA,NA,Gene_MYO7A,Gene_NCAM1-AS1,NA,Gene_PRR7
NA,NA,NA,NA,Gene_ST6GALNAC2,Gene_S100A5,NA,Gene_BIRC5
NA,NA,NA,NA,Gene_CLEC17A,Gene_AC026469.1,NA,Gene_SLC6A11
NA,NA,NA,NA,Gene_LOC101928731,Gene_POU3F1,NA,Gene_UBE2C
NA,NA,NA,NA,Gene_ADRA1D,Gene_AC018358.1,NA,Gene_RRM2
NA,NA,NA,NA,Gene_CHRM2,Gene_CDH23,NA,Gene_FNDC10
NA,NA,NA,NA,Gene_FAIM2,Gene_LINC00836,NA,Gene_FOXL2
NA,NA,NA,NA,Gene_FOXF2,Gene_CHRNA4,NA,Gene_CENPM
NA,NA,NA,NA,Gene_PRCD,Gene_RPE65,NA,Gene_RHOXF1P1
NA,NA,NA,NA,Gene_JAM3,Gene_AC016769.1,NA,Gene_RAB26
NA,NA,NA,NA,Gene_METTL24,Gene_SSTR3,NA,Gene_VGF
NA,NA,NA,NA,Gene_PTGDR,Gene_CYP11A1,NA,Gene_AMACR
NA,NA,NA,NA,Gene_VWA5A,Gene_LINC00968,NA,Gene_AP000842.3
NA,NA,NA,NA,Gene_CRISPLD2,Gene_RAB37,NA,Gene_NUDT8
NA,NA,NA,NA,Gene_FAM9B,Gene_SLC47A1P1,NA,Gene_ALCAM
NA,NA,NA,NA,Gene_CPNE6,Gene_CMTM5,NA,Gene_ZIC5
NA,NA,NA,NA,Gene_LOC100128108,Gene_ADRB3,NA,Gene_SCHLAP1
NA,NA,NA,NA,Gene_TMEM139,Gene_CCDC85A,NA,Gene_BMPR1B-DT
NA,NA,NA,NA,Gene_PGM5P4,Gene_ABCC6,NA,Gene_PODXL2
NA,NA,NA,NA,Gene_CERS3-AS1,Gene_KY,NA,Gene_TTK
NA,NA,NA,NA,Gene_TMEM229A,Gene_RNF112,NA,Gene_AC092306.1
NA,NA,NA,NA,Gene_C8orf88,Gene_AC090826.1,NA,Gene_SRMS
NA,NA,NA,NA,Gene_LRP4,Gene_C1QL1,NA,Gene_TLL2
NA,NA,NA,NA,Gene_CD300LG,Gene_ADCYAP1R1,NA,Gene_HOXB13
NA,NA,NA,NA,Gene_CXCL13,Gene_AP005264.7,NA,Gene_XACT
NA,NA,NA,NA,Gene_FNDC5,Gene_SNAI2,NA,Gene_MYBL2
NA,NA,NA,NA,Gene_SEC14L6,Gene_SOSTDC1,NA,Gene_CDC20
NA,NA,NA,NA,Gene_PLPP3,Gene_LINC00877,NA,Gene_GPR158
NA,NA,NA,NA,Gene_TBX5-AS1,Gene_SPRY2,NA,Gene_SLIT1
NA,NA,NA,NA,Gene_ZNF804A,Gene_KANK4,NA,Gene_CDK1
NA,NA,NA,NA,Gene_CLEC9A,Gene_JPH4,NA,Gene_SNHG19
NA,NA,NA,NA,Gene_RNF175,Gene_F7,NA,Gene_ARLNC1
NA,NA,NA,NA,Gene_SVIL,Gene_EVX2,NA,Gene_H2BU1
NA,NA,NA,NA,Gene_KLHL14,Gene_PCARE,NA,Gene_TK1
NA,NA,NA,NA,Gene_RPL29P19,Gene_GPRC5B,NA,Gene_AC100826.1
NA,NA,NA,NA,Gene_PROSER2-AS1,Gene_AC007637.1,NA,Gene_ATP8A2
NA,NA,NA,NA,Gene_NLGN3,Gene_RASGRF1,NA,Gene_BHLHA15
NA,NA,NA,NA,Gene_NTRK3,Gene_DCHS2,NA,Gene_SPC24
NA,NA,NA,NA,Gene_EPB41L3,Gene_RBFOX1,NA,Gene_CDCA5
NA,NA,NA,NA,Gene_ATP1B2,Gene_JAZF1-AS1,NA,Gene_PCSEAT
NA,NA,NA,NA,Gene_LINC02762,Gene_TVP23A,NA,Gene_MESP1
NA,NA,NA,NA,Gene_GJD3,Gene_CHP2,NA,Gene_AL121612.2
NA,NA,NA,NA,Gene_KLHL13,Gene_SIGLEC6,NA,Gene_FEZF1-AS1
NA,NA,NA,NA,Gene_CCBE1,Gene_CNTFR,NA,Gene_ARHGEF38
NA,NA,NA,NA,Gene_GPX3,Gene_KIAA1614,NA,Gene_VAX2
NA,NA,NA,NA,Gene_ADGRA2,Gene_AL157414.4,NA,Gene_IQGAP3
NA,NA,NA,NA,Gene_CLCA2,Gene_LOC100653233,NA,Gene_MCCC2
NA,NA,NA,NA,Gene_SHISAL1,Gene_SORCS2,NA,Gene_AC074141.1
NA,NA,NA,NA,Gene_PURG,Gene_AL391335.1,NA,Gene_PIMREG
NA,NA,NA,NA,Gene_STK32A,Gene_DAAM2,NA,Gene_SIM2
NA,NA,NA,NA,Gene_SCN4A,Gene_RSPO2,NA,Gene_UNC5A
NA,NA,NA,NA,Gene_FGFR1,Gene_AFF2,NA,Gene_TNK2-AS1
NA,NA,NA,NA,Gene_EXOC3L4,Gene_GLT1D1,NA,Gene_RNVU1-27
NA,NA,NA,NA,Gene_TMEM35A,Gene_FXYD2,NA,Gene_H3C10
NA,NA,NA,NA,Gene_COL23A1,Gene_G0S2,NA,Gene_TMEM238
NA,NA,NA,NA,Gene_MALRD1,Gene_DNM1P47,NA,Gene_PTPRT
NA,NA,NA,NA,Gene_CFAP221,Gene_FGFR4,NA,Gene_GTSE1
NA,NA,NA,NA,Gene_RBM24,Gene_WFIKKN2,NA,Gene_AL645608.6
NA,NA,NA,NA,Gene_CERNA2,Gene_TULP2,NA,Gene_AC022034.3
NA,NA,NA,NA,Gene_FOXQ1,Gene_GDF10,NA,Gene_ATP8A1
NA,NA,NA,NA,Gene_TMEM37,Gene_AP000757.1,NA,Gene_AC012531.1
NA,NA,NA,NA,Gene_TCF7L1,Gene_CX3CR1,NA,Gene_KIF18B
NA,NA,NA,NA,Gene_NTN1,Gene_LOC107985177,NA,Gene_NBEAP1
NA,NA,NA,NA,Gene_PLCD4,Gene_PENK,NA,Gene_NKX3-2
NA,NA,NA,NA,Gene_AC010226.1,Gene_AC004846.1,NA,Gene_ISG15
NA,NA,NA,NA,Gene_PRKCB,Gene_COLEC10,NA,Gene_PBK
NA,NA,NA,NA,Gene_LRRK2-DT,Gene_COL13A1,NA,Gene_SLC45A2
NA,NA,NA,NA,Gene_MRGPRF-AS1,Gene_OCA2,NA,Gene_RAC3
NA,NA,NA,NA,Gene_TF,Gene_GPR161,NA,Gene_LMX1B
NA,NA,NA,NA,Gene_NAALADL1,Gene_NELL2,NA,Gene_PAQR6
NA,NA,NA,NA,Gene_CLIP3,Gene_NDUFB4P11,NA,Gene_PRAC1
NA,NA,NA,NA,Gene_TULP1,Gene_ADGRB3,NA,Gene_SPDEF
NA,NA,NA,NA,Gene_LOC284865,Gene_NTRK1,NA,Gene_DLX2
NA,NA,NA,NA,Gene_CEACAM6,Gene_HCG23,NA,Gene_CRISP3
NA,NA,NA,NA,Gene_PON3,Gene_C6,NA,Gene_SAPCD2
NA,NA,NA,NA,Gene_DMC1,Gene_LOC100130587,NA,Gene_PKMYT1
NA,NA,NA,NA,Gene_FXYD1,Gene_INKA2,NA,Gene_TRIM58
NA,NA,NA,NA,Gene_KCNIP3,Gene_NMUR1,NA,Gene_DNAH8
NA,NA,NA,NA,Gene_ELANE,Gene_MTMR11,NA,Gene_TPX2
NA,NA,NA,NA,Gene_P2RY13,Gene_MKX-AS1,NA,Gene_SPON2
NA,NA,NA,NA,Gene_RARB,Gene_COLGALT2,NA,Gene_AC023310.4
NA,NA,NA,NA,Gene_MATN2,Gene_TAFA1,NA,Gene_ALDH3B2
NA,NA,NA,NA,Gene_MYOCD,Gene_MCF2,NA,Gene_FOXD1
NA,NA,NA,NA,Gene_AC107959.1,Gene_AL118505.1,NA,Gene_NEK2
NA,NA,NA,NA,Gene_P2RX2,Gene_HHIPL2,NA,Gene_GRIN3A
NA,NA,NA,NA,Gene_EPHB1,Gene_TMEM221,NA,Gene_AL645608.2
NA,NA,NA,NA,Gene_MIR1-1HG,Gene_ATP1A2,NA,Gene_ISX
NA,NA,NA,NA,Gene_ITM2A,Gene_LINC02692,NA,Gene_MT-TS2
NA,NA,NA,NA,Gene_ANKDD1A,Gene_PROK1,NA,Gene_KIF4A
NA,NA,NA,NA,Gene_MAMDC2,Gene_CXCR2,NA,Gene_NETO1
NA,NA,NA,NA,Gene_CPA3,Gene_AC079467.1,NA,Gene_GAPLINC
NA,NA,NA,NA,Gene_AC025165.1,Gene_IGSF1,NA,Gene_C2CD4C
NA,NA,NA,NA,Gene_RBP1,Gene_TRPV3,NA,Gene_MNX1
NA,NA,NA,NA,Gene_TRIM6,Gene_ABCC6P2,NA,Gene_AC069228.1
NA,NA,NA,NA,Gene_PRICKLE2,Gene_AL049775.1,NA,Gene_FOXL2NB
NA,NA,NA,NA,Gene_FCRL1,Gene_CAMK1G,NA,Gene_DIRAS2
NA,NA,NA,NA,Gene_AL158055.1,Gene_PYGM,NA,Gene_TMEM145
NA,NA,NA,NA,Gene_FGFR2,Gene_FRMD6-AS2,NA,Gene_AL162413.1
NA,NA,NA,NA,Gene_MAMSTR,Gene_ADCY5,NA,Gene_ASF1B
NA,NA,NA,NA,Gene_C1QTNF1,Gene_NYNRIN,NA,Gene_AK5
NA,NA,NA,NA,Gene_ANGPTL1,Gene_AL009179.2,NA,Gene_EEF1A2
NA,NA,NA,NA,Gene_MLC1,Gene_ACP7,NA,Gene_FOXB2
NA,NA,NA,NA,Gene_SSTR2,Gene_AC079848.2,NA,Gene_AC131902.1
NA,NA,NA,NA,Gene_OLFM4,Gene_CA14,NA,Gene_PCOTH
NA,NA,NA,NA,Gene_RASL12,Gene_SLC5A8,NA,Gene_AURKB
NA,NA,NA,NA,Gene_MXRA7P1,Gene_EMILIN3,NA,Gene_VSTM2L
NA,NA,NA,NA,Gene_ARMCX1,Gene_AQP5,NA,Gene_ANKRD34B
NA,NA,NA,NA,Gene_NDNF,Gene_LYPLAL1-AS1,NA,Gene_CRYBA2
NA,NA,NA,NA,Gene_ADRA2B,Gene_ADRA1B,NA,Gene_DNAH8-AS1
NA,NA,NA,NA,Gene_GSN,Gene_LINC00900,NA,Gene_ZIC2
NA,NA,NA,NA,Gene_GPM6B,Gene_AP000662.1,NA,Gene_FIRRE
NA,NA,NA,NA,Gene_EGFLAM,Gene_LOC105378909,NA,Gene_ALOX15
NA,NA,NA,NA,Gene_ROR1,Gene_SLC16A2,NA,Gene_DNASE2B
NA,NA,NA,NA,Gene_DCHS1,Gene_BEST1,NA,Gene_ATOH1
NA,NA,NA,NA,Gene_BMP4,Gene_TGFB3,NA,Gene_ASPHD1
NA,NA,NA,NA,Gene_MYORG,Gene_GIPC3,NA,Gene_SHISA2
NA,NA,NA,NA,Gene_NRK,Gene_PARM1,NA,Gene_NKAIN1
NA,NA,NA,NA,Gene_KRT42P,Gene_AC063944.1,NA,Gene_KRTAP5-1
NA,NA,NA,NA,Gene_SMIM41,Gene_FAM163A,NA,Gene_ADAM7
NA,NA,NA,NA,Gene_HSD11B1,Gene_SIGLEC15,NA,Gene_RAB6C-AS1
NA,NA,NA,NA,Gene_HOXD13,Gene_RHBDL3,NA,Gene_PLEKHB1
NA,NA,NA,NA,Gene_BVES,Gene_SGCG,NA,Gene_LINC00993
NA,NA,NA,NA,Gene_KCNA2,Gene_TRO,NA,Gene_LINC01687
NA,NA,NA,NA,Gene_GATM,Gene_CFD,NA,Gene_KLK12
NA,NA,NA,NA,Gene_TPTEP1,Gene_LRRC3B,NA,Gene_KIF20A
NA,NA,NA,NA,Gene_OLFML3,Gene_RGL1,NA,Gene_ABCC11
NA,NA,NA,NA,Gene_SCUBE1,Gene_OLFML1,NA,Gene_PPFIA2
NA,NA,NA,NA,Gene_FZD7,Gene_LTBP4,NA,Gene_NKX6-1
NA,NA,NA,NA,Gene_AC013486.1,Gene_SLC8A3,NA,Gene_LOC101928295
NA,NA,NA,NA,Gene_KLHL30-AS1,Gene_MPO,NA,Gene_CST2
NA,NA,NA,NA,Gene_RAB9B,Gene_ADRA1A,NA,Gene_LINC00939
NA,NA,NA,NA,Gene_AC135012.3,Gene_SLIT3,NA,Gene_TUNAR
NA,NA,NA,NA,Gene_CNR1,Gene_SLC7A4,NA,Gene_ADAM2
NA,NA,NA,NA,Gene_SLC35F4,Gene_LOC101927825,NA,Gene_AMH
NA,NA,NA,NA,Gene_TMEM200B,Gene_MCC,NA,Gene_MS4A8
NA,NA,NA,NA,Gene_FCER1A,Gene_B3GNT9,NA,Gene_PCAT14
NA,NA,NA,NA,Gene_IQSEC3,Gene_CYTL1,NA,Gene_DSCAM-AS1
NA,NA,NA,NA,Gene_AC011504.1,Gene_FXYD6,NA,Gene_FOXJ1
NA,NA,NA,NA,Gene_ADAMTS9-AS1,Gene_MAB21L1,NA,Gene_HES6
NA,NA,NA,NA,Gene_B3GALT2,Gene_PCYT1B,NA,Gene_KLB
NA,NA,NA,NA,Gene_MRGPRE,Gene_FBXL21P,NA,Gene_TMEM45B
NA,NA,NA,NA,Gene_GCK,Gene_HTR1E,NA,Gene_TRPM2-AS
NA,NA,NA,NA,Gene_RGS13,Gene_NRG2,NA,Gene_LOC284930
NA,NA,NA,NA,Gene_PRKCA,Gene_COL4A6,NA,Gene_TFF3
NA,NA,NA,NA,Gene_XCL2,Gene_TMEM100,NA,Gene_KLK14
NA,NA,NA,NA,Gene_MYO16,Gene_LOC574538,NA,Gene_H4C5
NA,NA,NA,NA,Gene_TRIM9,Gene_SCN4B,NA,Gene_AC092535.5
NA,NA,NA,NA,Gene_LDLRAD2,Gene_UGT3A2,NA,Gene_ELAVL2
NA,NA,NA,NA,Gene_RBFOX3,Gene_HIF3A,NA,Gene_PKIB
NA,NA,NA,NA,Gene_AP004609.1,Gene_ABCC8,NA,Gene_C11orf87
NA,NA,NA,NA,Gene_PGM5-AS1,Gene_AL132642.1,NA,Gene_LINC02786
NA,NA,NA,NA,Gene_PHYHIPL,Gene_SRD5A2,NA,Gene_AC025062.3
NA,NA,NA,NA,Gene_TP63,Gene_FOLR1,NA,Gene_AL162388.2
NA,NA,NA,NA,Gene_TARID,Gene_LOC283856,NA,Gene_KRT9
NA,NA,NA,NA,Gene_PGM5,Gene_DRD2,NA,Gene_CNTFR-AS1
NA,NA,NA,NA,Gene_EFS,Gene_AC010896.1,NA,Gene_AL161669.1
NA,NA,NA,NA,Gene_FOXF1,Gene_MAGEC3,NA,Gene_LINC01858
NA,NA,NA,NA,Gene_QPRT,Gene_SCGB1A1,NA,Gene_EDN3
NA,NA,NA,NA,Gene_TAF7L,Gene_TMEM132C,NA,Gene_INSYN2A
NA,NA,NA,NA,Gene_RGS7BP,Gene_LOC100507387,NA,Gene_AC100823.1
NA,NA,NA,NA,Gene_COL4A4,Gene_SCN2B,NA,Gene_LINGO2
NA,NA,NA,NA,Gene_FOXI2,Gene_TSKS,NA,Gene_AC004448.2
NA,NA,NA,NA,Gene_XKR5,Gene_BLACAT1,NA,Gene_CRYGD
NA,NA,NA,NA,Gene_PDZRN4,Gene_AL391807.1,NA,Gene_AL603840.1
NA,NA,NA,NA,Gene_RCAN2,Gene_MEIS3P2,NA,Gene_AMER2
NA,NA,NA,NA,Gene_MYOZ3,Gene_VCL,NA,Gene_WDR72
NA,NA,NA,NA,Gene_NFASC,Gene_FTOP1,NA,Gene_LINC02094
NA,NA,NA,NA,Gene_KCNAB1,Gene_AL365181.4,NA,Gene_AC026904.2
NA,NA,NA,NA,Gene_RASGRF2,Gene_CCDC89,NA,Gene_KBTBD13
NA,NA,NA,NA,Gene_PCDHGA9,Gene_PCDHGC3,NA,Gene_AC009102.2
NA,NA,NA,NA,Gene_CXCL6,Gene_TSPAN11,NA,Gene_LOC101929106
NA,NA,NA,NA,Gene_PGAP4,Gene_EFCAB1,NA,Gene_DRD5
NA,NA,NA,NA,Gene_LIX1,Gene_PLAAT5,NA,Gene_PRRG3
NA,NA,NA,NA,Gene_LINC00857,Gene_PDE1C,NA,Gene_AC090994.1
NA,NA,NA,NA,Gene_MIR27B,Gene_F10,NA,Gene_VIT
NA,NA,NA,NA,Gene_SHC3,Gene_IGDCC3,NA,Gene_MIR3659HG
NA,NA,NA,NA,Gene_ISL2,Gene_HPCAL4,NA,Gene_TMEM252
NA,NA,NA,NA,Gene_FAT4,Gene_CAPN6,NA,Gene_ALDH1L1-AS2
NA,NA,NA,NA,Gene_SRPX,Gene_LRRC37A7P,NA,Gene_PNMT
NA,NA,NA,NA,Gene_CNRIP1,Gene_SRRM4,NA,Gene_DNM1P46
NA,NA,NA,NA,Gene_CDC20P1,Gene_MYH6,NA,Gene_NCAM1-AS1
NA,NA,NA,NA,Gene_ALDH1A2,Gene_ASTN1,NA,Gene_S100A5
NA,NA,NA,NA,Gene_KIT,Gene_DPT,NA,Gene_AC026469.1
NA,NA,NA,NA,Gene_STAC,Gene_NYAP1,NA,Gene_POU3F1
NA,NA,NA,NA,Gene_GSTM3,Gene_ASPA,NA,Gene_AC018358.1
NA,NA,NA,NA,Gene_ADGRL3,Gene_FERMT1,NA,Gene_CDH23
NA,NA,NA,NA,Gene_LPAL2,Gene_AL139351.3,NA,Gene_LINC00836
NA,NA,NA,NA,Gene_PPP1R12B,Gene_LYVE1,NA,Gene_CHRNA4
NA,NA,NA,NA,Gene_SVIL2P,Gene_DSCAML1,NA,Gene_RPE65
NA,NA,NA,NA,Gene_P2RX6,Gene_LINC00908,NA,Gene_AC016769.1
NA,NA,NA,NA,Gene_TCF21,Gene_HOXD12,NA,Gene_SSTR3
NA,NA,NA,NA,Gene_TIMP4,Gene_ZNF423,NA,Gene_CYP11A1
NA,NA,NA,NA,Gene_PIK3C2G,Gene_DOC2B,NA,Gene_LINC00968
NA,NA,NA,NA,Gene_TNS1,Gene_CXCL12,NA,Gene_RAB37
NA,NA,NA,NA,Gene_ELMOD1,Gene_TRHDE,NA,Gene_SLC47A1P1
NA,NA,NA,NA,Gene_OXER1,Gene_RHOJ,NA,Gene_CMTM5
NA,NA,NA,NA,Gene_AP001107.5,Gene_SLC47A1P2,NA,Gene_ADRB3
NA,NA,NA,NA,Gene_CDC42EP3,Gene_SMTNL2,NA,Gene_CCDC85A
NA,NA,NA,NA,Gene_GAS1RR,Gene_KCNIP1-OT1,NA,Gene_ABCC6
NA,NA,NA,NA,Gene_RGN,Gene_TSPAN18,NA,Gene_KY
NA,NA,NA,NA,Gene_TIMP3,Gene_KLHL33,NA,Gene_RNF112
NA,NA,NA,NA,Gene_DRD1,Gene_CCK,NA,Gene_AC090826.1
NA,NA,NA,NA,Gene_GLI2,Gene_HLF,NA,Gene_C1QL1
NA,NA,NA,NA,Gene_LINC01273,Gene_AC069120.1,NA,Gene_ADCYAP1R1
NA,NA,NA,NA,Gene_LOC101929130,Gene_VSTM4,NA,Gene_AP005264.7
NA,NA,NA,NA,Gene_HRH2,Gene_BRINP1,NA,Gene_SNAI2
NA,NA,NA,NA,Gene_ERVFRD-1,Gene_TRPM3,NA,Gene_SOSTDC1
NA,NA,NA,NA,Gene_TBX5,Gene_ECE2,NA,Gene_LINC00877
NA,NA,NA,NA,Gene_LINC02388,Gene_KANK2,NA,Gene_SPRY2
NA,NA,NA,NA,Gene_MEIS2,Gene_RMDN2-AS1,NA,Gene_KANK4
NA,NA,NA,NA,Gene_HMGCLL1,Gene_C2orf88,NA,Gene_JPH4
NA,NA,NA,NA,Gene_KCNF1,Gene_LINC02139,NA,Gene_F7
NA,NA,NA,NA,Gene_NUDT10,Gene_LDB3,NA,Gene_EVX2
NA,NA,NA,NA,Gene_SCUBE3,Gene_HCG11,NA,Gene_PCARE
NA,NA,NA,NA,Gene_SCN5A,Gene_C22orf15,NA,Gene_GPRC5B
NA,NA,NA,NA,Gene_PLAC9,Gene_FAXDC2,NA,Gene_AC007637.1
NA,NA,NA,NA,Gene_AMPH,Gene_MAMLD1,NA,Gene_RASGRF1
NA,NA,NA,NA,Gene_PLPP7,Gene_CDK15,NA,Gene_DCHS2
NA,NA,NA,NA,Gene_CSF3R,Gene_ACTBP2,NA,Gene_RBFOX1
NA,NA,NA,NA,Gene_GLIS1,Gene_GNAO1,NA,Gene_JAZF1-AS1
NA,NA,NA,NA,Gene_ANKRD33B,Gene_PPP1R3C,NA,Gene_TVP23A
NA,NA,NA,NA,Gene_LRRC17,Gene_ATRNL1,NA,Gene_CHP2
NA,NA,NA,NA,Gene_MIR223HG,Gene_PLA2G2C,NA,Gene_SIGLEC6
NA,NA,NA,NA,Gene_RAB7B,Gene_FBLN1,NA,Gene_CNTFR
NA,NA,NA,NA,Gene_FGF14-AS2,Gene_KIAA1210,NA,Gene_KIAA1614
NA,NA,NA,NA,Gene_SCGB3A1,Gene_AC139491.7,NA,Gene_AL157414.4
NA,NA,NA,NA,Gene_GPR55,Gene_DGKG,NA,Gene_LOC100653233
NA,NA,NA,NA,Gene_SCARA3,Gene_NDRG2,NA,Gene_SORCS2
NA,NA,NA,NA,Gene_PAGE4,Gene_PGF,NA,Gene_AL391335.1
NA,NA,NA,NA,Gene_RNF165,Gene_AC008808.2,NA,Gene_DAAM2
NA,NA,NA,NA,Gene_PRDM8,Gene_ANXA2P2,NA,Gene_RSPO2
NA,NA,NA,NA,Gene_AATBC,Gene_UBXN10,NA,Gene_AFF2
NA,NA,NA,NA,Gene_ANGPT1,Gene_FAM107A,NA,Gene_GLT1D1
NA,NA,NA,NA,Gene_PRSS50,Gene_FER1L5,NA,Gene_FXYD2
NA,NA,NA,NA,Gene_PLCL1,Gene_AC005180.1,NA,Gene_G0S2
NA,NA,NA,NA,Gene_SLC26A10,Gene_AL138479.2,NA,Gene_DNM1P47
NA,NA,NA,NA,Gene_ACOX2,Gene_NCAM1,NA,Gene_FGFR4
NA,NA,NA,NA,Gene_LINC00654,Gene_RBP4,NA,Gene_WFIKKN2
NA,NA,NA,NA,Gene_CCND2-AS1,Gene_MYLK,NA,Gene_TULP2
NA,NA,NA,NA,Gene_PRSS12,Gene_PCP4L1,NA,Gene_GDF10
NA,NA,NA,NA,Gene_PTH1R,Gene_ESPNL,NA,Gene_AP000757.1
NA,NA,NA,NA,Gene_GALNT9,Gene_PRNP,NA,Gene_CX3CR1
NA,NA,NA,NA,Gene_MAL,Gene_FAM90A1,NA,Gene_LOC107985177
NA,NA,NA,NA,Gene_AOC3,Gene_RIMS3,NA,Gene_PENK
NA,NA,NA,NA,Gene_LOC105375743,Gene_AC026471.6,NA,Gene_AC004846.1
NA,NA,NA,NA,Gene_TRIM61,Gene_ASIP,NA,Gene_COLEC10
NA,NA,NA,NA,Gene_ELAVL3,Gene_PNMA8B,NA,Gene_COL13A1
NA,NA,NA,NA,Gene_MIR23B,Gene_ADAMTS7P4,NA,Gene_OCA2
NA,NA,NA,NA,Gene_AL133370.1,Gene_ENPP7P11,NA,Gene_GPR161
NA,NA,NA,NA,Gene_CGNL1,Gene_TCEAL5,NA,Gene_NELL2
NA,NA,NA,NA,Gene_SLC16A5,Gene_UGT3A1,NA,Gene_NDUFB4P11
NA,NA,NA,NA,Gene_PDE4C,Gene_NPFFR2,NA,Gene_ADGRB3
NA,NA,NA,NA,Gene_TEPP,Gene_LGR6,NA,Gene_NTRK1
NA,NA,NA,NA,Gene_BOC,Gene_KCNE5,NA,Gene_HCG23
NA,NA,NA,NA,Gene_RPRM,Gene_ARHGAP20,NA,Gene_C6
NA,NA,NA,NA,Gene_CORO2B,Gene_HAAO,NA,Gene_LOC100130587
NA,NA,NA,NA,Gene_ADAMTS9-AS2,Gene_LINC00954,NA,Gene_INKA2
NA,NA,NA,NA,Gene_ERN2,Gene_BEX1,NA,Gene_NMUR1
NA,NA,NA,NA,Gene_DPYS,Gene_SEZ6L,NA,Gene_MTMR11
NA,NA,NA,NA,Gene_TSLP,Gene_AL354766.2,NA,Gene_MKX-AS1
NA,NA,NA,NA,Gene_PEAK1,Gene_SERPINA5,NA,Gene_COLGALT2
NA,NA,NA,NA,Gene_LINC00865,Gene_AC092376.2,NA,Gene_TAFA1
NA,NA,NA,NA,Gene_MIR1-1HG-AS1,Gene_INSRR,NA,Gene_MCF2
NA,NA,NA,NA,Gene_AC080038.1,Gene_C21orf62,NA,Gene_AL118505.1
NA,NA,NA,NA,Gene_TRABD2B,Gene_PRSS35,NA,Gene_HHIPL2
NA,NA,NA,NA,Gene_BMERB1,Gene_SORCS1,NA,Gene_TMEM221
NA,NA,NA,NA,Gene_LOC100129434,Gene_MYO7A,NA,Gene_ATP1A2
NA,NA,NA,NA,Gene_LILRA1,Gene_ST6GALNAC2,NA,Gene_LINC02692
NA,NA,NA,NA,Gene_ARHGAP23,Gene_CLEC17A,NA,Gene_PROK1
NA,NA,NA,NA,Gene_DPYSL3,Gene_LOC101928731,NA,Gene_CXCR2
NA,NA,NA,NA,Gene_JCAD,Gene_ADRA1D,NA,Gene_AC079467.1
NA,NA,NA,NA,Gene_GDPD4,Gene_CHRM2,NA,Gene_IGSF1
NA,NA,NA,NA,Gene_CHRDL1,Gene_FAIM2,NA,Gene_TRPV3
NA,NA,NA,NA,Gene_RBMS3-AS3,Gene_FOXF2,NA,Gene_ABCC6P2
NA,NA,NA,NA,Gene_TRANK1,Gene_PRCD,NA,Gene_AL049775.1
NA,NA,NA,NA,Gene_LRRN3,Gene_JAM3,NA,Gene_CAMK1G
NA,NA,NA,NA,Gene_CCND2,Gene_METTL24,NA,Gene_PYGM
NA,NA,NA,NA,Gene_PCDH18,Gene_PTGDR,NA,Gene_FRMD6-AS2
NA,NA,NA,NA,Gene_MEOX2,Gene_VWA5A,NA,Gene_ADCY5
NA,NA,NA,NA,Gene_SYNM,Gene_CRISPLD2,NA,Gene_NYNRIN
NA,NA,NA,NA,Gene_CD244,Gene_FAM9B,NA,Gene_AL009179.2
NA,NA,NA,NA,Gene_SYN2,Gene_CPNE6,NA,Gene_ACP7
NA,NA,NA,NA,Gene_CCDC178,Gene_LOC100128108,NA,Gene_AC079848.2
NA,NA,NA,NA,Gene_ABO,Gene_TMEM139,NA,Gene_CA14
NA,NA,NA,NA,Gene_AL121821.2,Gene_PGM5P4,NA,Gene_SLC5A8
NA,NA,NA,NA,Gene_AC120498.2,Gene_CERS3-AS1,NA,Gene_EMILIN3
NA,NA,NA,NA,Gene_CTF1,Gene_TMEM229A,NA,Gene_AQP5
NA,NA,NA,NA,Gene_TBX4,Gene_C8orf88,NA,Gene_LYPLAL1-AS1
NA,NA,NA,NA,Gene_PNMA8C,Gene_LRP4,NA,Gene_ADRA1B
NA,NA,NA,NA,Gene_MEIS1,Gene_CD300LG,NA,Gene_LINC00900
NA,NA,NA,NA,Gene_ACSS3,Gene_CXCL13,NA,Gene_AP000662.1
NA,NA,NA,NA,Gene_ZNF516,Gene_FNDC5,NA,Gene_LOC105378909
NA,NA,NA,NA,Gene_NACAD,Gene_SEC14L6,NA,Gene_SLC16A2
NA,NA,NA,NA,Gene_DZIP1,Gene_PLPP3,NA,Gene_BEST1
NA,NA,NA,NA,Gene_RGS22,Gene_TBX5-AS1,NA,Gene_TGFB3
NA,NA,NA,NA,Gene_CRIP3,Gene_ZNF804A,NA,Gene_GIPC3
NA,NA,NA,NA,Gene_GABRE,Gene_CLEC9A,NA,Gene_PARM1
NA,NA,NA,NA,Gene_PTGS1,Gene_RNF175,NA,Gene_AC063944.1
NA,NA,NA,NA,Gene_PRICKLE1,Gene_SVIL,NA,Gene_FAM163A
NA,NA,NA,NA,Gene_SPON1,Gene_KLHL14,NA,Gene_SIGLEC15
NA,NA,NA,NA,Gene_UST,Gene_RPL29P19,NA,Gene_RHBDL3
NA,NA,NA,NA,Gene_ITPRIPL1,Gene_PROSER2-AS1,NA,Gene_SGCG
NA,NA,NA,NA,Gene_JAKMIP2,Gene_NLGN3,NA,Gene_TRO
NA,NA,NA,NA,Gene_FBXO17,Gene_NTRK3,NA,Gene_CFD
NA,NA,NA,NA,Gene_HS3ST3A1,Gene_EPB41L3,NA,Gene_LRRC3B
NA,NA,NA,NA,Gene_AOC1,Gene_ATP1B2,NA,Gene_RGL1
NA,NA,NA,NA,Gene_HAPLN2,Gene_LINC02762,NA,Gene_OLFML1
NA,NA,NA,NA,Gene_CLVS2,Gene_GJD3,NA,Gene_LTBP4
NA,NA,NA,NA,Gene_L1TD1,Gene_KLHL13,NA,Gene_SLC8A3
NA,NA,NA,NA,Gene_SV2A,Gene_CCBE1,NA,Gene_MPO
NA,NA,NA,NA,Gene_GALNT13,Gene_GPX3,NA,Gene_ADRA1A
NA,NA,NA,NA,Gene_CYP4B1,Gene_ADGRA2,NA,Gene_SLIT3
NA,NA,NA,NA,Gene_FAM153A,Gene_CLCA2,NA,Gene_SLC7A4
NA,NA,NA,NA,Gene_DMGDH,Gene_SHISAL1,NA,Gene_LOC101927825
NA,NA,NA,NA,Gene_ZNF454,Gene_PURG,NA,Gene_MCC
NA,NA,NA,NA,Gene_SMOC1,Gene_STK32A,NA,Gene_B3GNT9
NA,NA,NA,NA,Gene_LRMP,Gene_SCN4A,NA,Gene_CYTL1
NA,NA,NA,NA,Gene_P2RY12,Gene_FGFR1,NA,Gene_FXYD6
NA,NA,NA,NA,Gene_AQP6,Gene_EXOC3L4,NA,Gene_MAB21L1
NA,NA,NA,NA,Gene_FLNA,Gene_TMEM35A,NA,Gene_PCYT1B
NA,NA,NA,NA,Gene_PEF1-AS1,Gene_COL23A1,NA,Gene_FBXL21P
NA,NA,NA,NA,Gene_ADGRD1,Gene_MALRD1,NA,Gene_HTR1E
NA,NA,NA,NA,Gene_TMIE,Gene_CFAP221,NA,Gene_NRG2
NA,NA,NA,NA,Gene_GSTM5,Gene_RBM24,NA,Gene_COL4A6
NA,NA,NA,NA,Gene_ADAMTSL4,Gene_CERNA2,NA,Gene_TMEM100
NA,NA,NA,NA,Gene_CTTNBP2,Gene_FOXQ1,NA,Gene_LOC574538
NA,NA,NA,NA,Gene_HIC1,Gene_TMEM37,NA,Gene_SCN4B
NA,NA,NA,NA,Gene_LINC01852,Gene_TCF7L1,NA,Gene_UGT3A2
NA,NA,NA,NA,Gene_EDAR,Gene_NTN1,NA,Gene_HIF3A
NA,NA,NA,NA,Gene_JAZF1,Gene_PLCD4,NA,Gene_ABCC8
NA,NA,NA,NA,Gene_CHI3L2,Gene_AC010226.1,NA,Gene_AL132642.1
NA,NA,NA,NA,Gene_SLC38A5,Gene_PRKCB,NA,Gene_SRD5A2
NA,NA,NA,NA,Gene_KCP,Gene_LRRK2-DT,NA,Gene_FOLR1
NA,NA,NA,NA,Gene_SOX15,Gene_MRGPRF-AS1,NA,Gene_LOC283856
NA,NA,NA,NA,Gene_ICAM5,Gene_TF,NA,Gene_DRD2
NA,NA,NA,NA,Gene_CPNE5,Gene_NAALADL1,NA,Gene_AC010896.1
NA,NA,NA,NA,Gene_ALDH3A1,Gene_CLIP3,NA,Gene_MAGEC3
NA,NA,NA,NA,Gene_TPM1,Gene_TULP1,NA,Gene_SCGB1A1
NA,NA,NA,NA,Gene_CAP2,Gene_LOC284865,NA,Gene_TMEM132C
NA,NA,NA,NA,Gene_NT5C1A,Gene_CEACAM6,NA,Gene_LOC100507387
NA,NA,NA,NA,Gene_KLHL30,Gene_PON3,NA,Gene_SCN2B
NA,NA,NA,NA,Gene_SLC18A2,Gene_DMC1,NA,Gene_TSKS
NA,NA,NA,NA,Gene_SERPINF1,Gene_FXYD1,NA,Gene_BLACAT1
NA,NA,NA,NA,Gene_ATCAY,Gene_KCNIP3,NA,Gene_AL391807.1
NA,NA,NA,NA,Gene_PLBD1,Gene_ELANE,NA,Gene_MEIS3P2
NA,NA,NA,NA,Gene_STOX2,Gene_P2RY13,NA,Gene_VCL
NA,NA,NA,NA,Gene_XPNPEP2,Gene_RARB,NA,Gene_FTOP1
NA,NA,NA,NA,Gene_AC080038.3,Gene_MATN2,NA,Gene_AL365181.4
NA,NA,NA,NA,Gene_AC090825.1,Gene_MYOCD,NA,Gene_CCDC89
NA,NA,NA,NA,Gene_RBM20,Gene_AC107959.1,NA,Gene_PCDHGC3
NA,NA,NA,NA,Gene_FKBP9P1,Gene_P2RX2,NA,Gene_TSPAN11
NA,NA,NA,NA,Gene_LINC02147,Gene_EPHB1,NA,Gene_EFCAB1
NA,NA,NA,NA,Gene_GRIA3,Gene_MIR1-1HG,NA,Gene_PLAAT5
NA,NA,NA,NA,Gene_GSTM2,Gene_ITM2A,NA,Gene_PDE1C
NA,NA,NA,NA,Gene_C15orf41,Gene_ANKDD1A,NA,Gene_F10
NA,NA,NA,NA,Gene_BHMT2,Gene_MAMDC2,NA,Gene_IGDCC3
NA,NA,NA,NA,Gene_GATA5,Gene_CPA3,NA,Gene_HPCAL4
NA,NA,NA,NA,Gene_TRHDE-AS1,Gene_AC025165.1,NA,Gene_CAPN6
NA,NA,NA,NA,Gene_BDH2,Gene_RBP1,NA,Gene_LRRC37A7P
NA,NA,NA,NA,Gene_INPP1,Gene_TRIM6,NA,Gene_SRRM4
NA,NA,NA,NA,Gene_LINC00304,Gene_PRICKLE2,NA,Gene_MYH6
NA,NA,NA,NA,Gene_LOC105370792,Gene_FCRL1,NA,Gene_ASTN1
NA,NA,NA,NA,Gene_ATP2B4,Gene_AL158055.1,NA,Gene_DPT
NA,NA,NA,NA,Gene_AC027348.1,Gene_FGFR2,NA,Gene_NYAP1
NA,NA,NA,NA,Gene_CYP27A1,Gene_MAMSTR,NA,Gene_ASPA
NA,NA,NA,NA,Gene_HOXD11,Gene_C1QTNF1,NA,Gene_FERMT1
NA,NA,NA,NA,Gene_GFRA1,Gene_ANGPTL1,NA,Gene_AL139351.3
NA,NA,NA,NA,Gene_C7,Gene_MLC1,NA,Gene_LYVE1
NA,NA,NA,NA,Gene_HMCN2,Gene_SSTR2,NA,Gene_DSCAML1
NA,NA,NA,NA,Gene_IP6K3,Gene_OLFM4,NA,Gene_LINC00908
NA,NA,NA,NA,Gene_ACOT11,Gene_RASL12,NA,Gene_HOXD12
NA,NA,NA,NA,Gene_GPR17,Gene_MXRA7P1,NA,Gene_ZNF423
NA,NA,NA,NA,Gene_ALDH1L2,Gene_ARMCX1,NA,Gene_DOC2B
NA,NA,NA,NA,Gene_FAM181B,Gene_NDNF,NA,Gene_CXCL12
NA,NA,NA,NA,Gene_LAMB3,Gene_ADRA2B,NA,Gene_TRHDE
NA,NA,NA,NA,Gene_INSYN1,Gene_GSN,NA,Gene_RHOJ
NA,NA,NA,NA,Gene_LOC729732,Gene_GPM6B,NA,Gene_SLC47A1P2
NA,NA,NA,NA,Gene_HUNK,Gene_EGFLAM,NA,Gene_SMTNL2
NA,NA,NA,NA,Gene_P2RY2,Gene_ROR1,NA,Gene_KCNIP1-OT1
NA,NA,NA,NA,Gene_VGLL1,Gene_DCHS1,NA,Gene_TSPAN18
NA,NA,NA,NA,Gene_DKK3,Gene_BMP4,NA,Gene_KLHL33
NA,NA,NA,NA,Gene_FMO2,Gene_MYORG,NA,Gene_CCK
NA,NA,NA,NA,Gene_AQP2,Gene_NRK,NA,Gene_HLF
NA,NA,NA,NA,Gene_GPC3,Gene_KRT42P,NA,Gene_AC069120.1
NA,NA,NA,NA,Gene_GATA3,Gene_SMIM41,NA,Gene_VSTM4
NA,NA,NA,NA,Gene_PTGER2,Gene_HSD11B1,NA,Gene_BRINP1
NA,NA,NA,NA,Gene_CCDC8,Gene_HOXD13,NA,Gene_TRPM3
NA,NA,NA,NA,Gene_CLIC6,Gene_BVES,NA,Gene_ECE2
NA,NA,NA,NA,Gene_FENDRR,Gene_KCNA2,NA,Gene_KANK2
NA,NA,NA,NA,Gene_SBSPON,Gene_GATM,NA,Gene_RMDN2-AS1
NA,NA,NA,NA,Gene_CYP4F24P,Gene_TPTEP1,NA,Gene_C2orf88
NA,NA,NA,NA,Gene_THSD4,Gene_OLFML3,NA,Gene_LINC02139
NA,NA,NA,NA,Gene_TIAM1,Gene_SCUBE1,NA,Gene_LDB3
NA,NA,NA,NA,Gene_ME1,Gene_FZD7,NA,Gene_HCG11
NA,NA,NA,NA,Gene_PID1,Gene_AC013486.1,NA,Gene_C22orf15
NA,NA,NA,NA,Gene_ISL1,Gene_KLHL30-AS1,NA,Gene_FAXDC2
NA,NA,NA,NA,Gene_SPART,Gene_RAB9B,NA,Gene_MAMLD1
NA,NA,NA,NA,Gene_HDC,Gene_AC135012.3,NA,Gene_CDK15
NA,NA,NA,NA,Gene_NTF3,Gene_CNR1,NA,Gene_ACTBP2
NA,NA,NA,NA,Gene_RIPOR3,Gene_SLC35F4,NA,Gene_GNAO1
NA,NA,NA,NA,Gene_GOLGA8VP,Gene_TMEM200B,NA,Gene_PPP1R3C
NA,NA,NA,NA,Gene_ZNF853,Gene_FCER1A,NA,Gene_ATRNL1
NA,NA,NA,NA,Gene_KLF8,Gene_IQSEC3,NA,Gene_PLA2G2C
NA,NA,NA,NA,Gene_RSPO1,Gene_AC011504.1,NA,Gene_FBLN1
NA,NA,NA,NA,Gene_DCLK1,Gene_ADAMTS9-AS1,NA,Gene_KIAA1210
NA,NA,NA,NA,Gene_EHD2,Gene_B3GALT2,NA,Gene_AC139491.7
NA,NA,NA,NA,Gene_MROH7,Gene_MRGPRE,NA,Gene_DGKG
NA,NA,NA,NA,Gene_PI16,Gene_GCK,NA,Gene_NDRG2
NA,NA,NA,NA,Gene_FAT3,Gene_RGS13,NA,Gene_PGF
NA,NA,NA,NA,Gene_COL14A1,Gene_PRKCA,NA,Gene_AC008808.2
NA,NA,NA,NA,Gene_ITGA9,Gene_XCL2,NA,Gene_ANXA2P2
NA,NA,NA,NA,Gene_SMIM10,Gene_MYO16,NA,Gene_UBXN10
NA,NA,NA,NA,Gene_KCNB1,Gene_TRIM9,NA,Gene_FAM107A
NA,NA,NA,NA,Gene_ANO4,Gene_LDLRAD2,NA,Gene_FER1L5
NA,NA,NA,NA,Gene_ROBO3,Gene_RBFOX3,NA,Gene_AC005180.1
NA,NA,NA,NA,Gene_PRPH,Gene_AP004609.1,NA,Gene_AL138479.2
NA,NA,NA,NA,Gene_GPR173,Gene_PGM5-AS1,NA,Gene_NCAM1
NA,NA,NA,NA,Gene_ANKFN1,Gene_PHYHIPL,NA,Gene_RBP4
NA,NA,NA,NA,Gene_HOXD10,Gene_TP63,NA,Gene_MYLK
NA,NA,NA,NA,Gene_ITGB3,Gene_TARID,NA,Gene_PCP4L1
NA,NA,NA,NA,Gene_L3MBTL4,Gene_PGM5,NA,Gene_ESPNL
NA,NA,NA,NA,Gene_CRTAC1,Gene_EFS,NA,Gene_PRNP
NA,NA,NA,NA,Gene_WFDC2,Gene_FOXF1,NA,Gene_FAM90A1
NA,NA,NA,NA,Gene_ADAM33,Gene_QPRT,NA,Gene_RIMS3
NA,NA,NA,NA,Gene_ANKRD35,Gene_TAF7L,NA,Gene_AC026471.6
NA,NA,NA,NA,Gene_MMP23B,Gene_RGS7BP,NA,Gene_ASIP
NA,NA,NA,NA,Gene_PAK5,Gene_COL4A4,NA,Gene_PNMA8B
NA,NA,NA,NA,Gene_CHODL,Gene_FOXI2,NA,Gene_ADAMTS7P4
NA,NA,NA,NA,Gene_SCRG1,Gene_XKR5,NA,Gene_ENPP7P11
NA,NA,NA,NA,Gene_FERMT2,Gene_PDZRN4,NA,Gene_TCEAL5
NA,NA,NA,NA,Gene_A2M,Gene_RCAN2,NA,Gene_UGT3A1
NA,NA,NA,NA,Gene_BMP2,Gene_MYOZ3,NA,Gene_NPFFR2
NA,NA,NA,NA,Gene_SRL,Gene_NFASC,NA,Gene_LGR6
NA,NA,NA,NA,Gene_PPP1R1A,Gene_KCNAB1,NA,Gene_KCNE5
NA,NA,NA,NA,Gene_MGC32805,Gene_RASGRF2,NA,Gene_ARHGAP20
NA,NA,NA,NA,Gene_MEIS3P1,Gene_PCDHGA9,NA,Gene_HAAO
NA,NA,NA,NA,Gene_LCNL1,Gene_CXCL6,NA,Gene_LINC00954
NA,NA,NA,NA,Gene_TFPI,Gene_PGAP4,NA,Gene_BEX1
NA,NA,NA,NA,Gene_RCOR2,Gene_LIX1,NA,Gene_SEZ6L
NA,NA,NA,NA,Gene_TCEAL7,Gene_LINC00857,NA,Gene_AL354766.2
NA,NA,NA,NA,Gene_TRPC4,Gene_MIR27B,NA,Gene_SERPINA5
NA,NA,NA,NA,Gene_TCF7,Gene_SHC3,NA,Gene_AC092376.2
NA,NA,NA,NA,Gene_MIR145,Gene_ISL2,NA,Gene_INSRR
NA,NA,NA,NA,Gene_AC005180.2,Gene_FAT4,NA,Gene_C21orf62
NA,NA,NA,NA,Gene_CA11,Gene_SRPX,NA,Gene_PRSS35
NA,NA,NA,NA,Gene_CYP4F12,Gene_CNRIP1,NA,Gene_SORCS1
NA,NA,NA,NA,Gene_CRHBP,Gene_CDC20P1,NA,Gene_MYO7A
NA,NA,NA,NA,Gene_PLTP,Gene_ALDH1A2,NA,Gene_ST6GALNAC2
NA,NA,NA,NA,Gene_SH3RF2,Gene_KIT,NA,Gene_CLEC17A
NA,NA,NA,NA,Gene_PDE4A,Gene_STAC,NA,Gene_LOC101928731
NA,NA,NA,NA,Gene_PLCL2,Gene_GSTM3,NA,Gene_ADRA1D
NA,NA,NA,NA,Gene_TINAGL1,Gene_ADGRL3,NA,Gene_CHRM2
NA,NA,NA,NA,Gene_CNR2,Gene_LPAL2,NA,Gene_FAIM2
NA,NA,NA,NA,Gene_PTPRZ1,Gene_PPP1R12B,NA,Gene_FOXF2
NA,NA,NA,NA,Gene_RND2,Gene_SVIL2P,NA,Gene_PRCD
NA,NA,NA,NA,Gene_CSRP1,Gene_P2RX6,NA,Gene_JAM3
NA,NA,NA,NA,Gene_HTR1A,Gene_TCF21,NA,Gene_METTL24
NA,NA,NA,NA,Gene_BEND5,Gene_TIMP4,NA,Gene_PTGDR
NA,NA,NA,NA,Gene_SLC47A1,Gene_PIK3C2G,NA,Gene_VWA5A
NA,NA,NA,NA,Gene_AC105916.1,Gene_TNS1,NA,Gene_CRISPLD2
NA,NA,NA,NA,Gene_AC010478.1,Gene_ELMOD1,NA,Gene_FAM9B
NA,NA,NA,NA,Gene_TMEM200C,Gene_OXER1,NA,Gene_CPNE6
NA,NA,NA,NA,Gene_RBPMS,Gene_AP001107.5,NA,Gene_LOC100128108
NA,NA,NA,NA,Gene_AC243562.2,Gene_CDC42EP3,NA,Gene_TMEM139
NA,NA,NA,NA,Gene_GNG2,Gene_GAS1RR,NA,Gene_PGM5P4
NA,NA,NA,NA,Gene_LOC101927359,Gene_RGN,NA,Gene_CERS3-AS1
NA,NA,NA,NA,Gene_AOX1,Gene_TIMP3,NA,Gene_TMEM229A
NA,NA,NA,NA,Gene_MYOC,Gene_DRD1,NA,Gene_C8orf88
NA,NA,NA,NA,Gene_MPP2,Gene_GLI2,NA,Gene_LRP4
NA,NA,NA,NA,Gene_MEG3,Gene_LINC01273,NA,Gene_CD300LG
NA,NA,NA,NA,Gene_LPAR1,Gene_LOC101929130,NA,Gene_CXCL13
NA,NA,NA,NA,Gene_BMPER,Gene_HRH2,NA,Gene_FNDC5
NA,NA,NA,NA,Gene_AL354861.3,Gene_ERVFRD-1,NA,Gene_SEC14L6
NA,NA,NA,NA,Gene_SLC51B,Gene_TBX5,NA,Gene_PLPP3
NA,NA,NA,NA,Gene_BMP5,Gene_LINC02388,NA,Gene_TBX5-AS1
NA,NA,NA,NA,Gene_SLC8A1,Gene_MEIS2,NA,Gene_ZNF804A
NA,NA,NA,NA,Gene_COL6A1,Gene_HMGCLL1,NA,Gene_CLEC9A
NA,NA,NA,NA,Gene_CAV1,Gene_KCNF1,NA,Gene_RNF175
NA,NA,NA,NA,Gene_RHEX,Gene_NUDT10,NA,Gene_SVIL
NA,NA,NA,NA,Gene_CACHD1,Gene_SCUBE3,NA,Gene_KLHL14
NA,NA,NA,NA,Gene_FOXC1,Gene_SCN5A,NA,Gene_RPL29P19
NA,NA,NA,NA,Gene_ETV5,Gene_PLAC9,NA,Gene_PROSER2-AS1
NA,NA,NA,NA,Gene_CAPNS2,Gene_AMPH,NA,Gene_NLGN3
NA,NA,NA,NA,Gene_C11orf21,Gene_PLPP7,NA,Gene_NTRK3
NA,NA,NA,NA,Gene_GPRASP1,Gene_CSF3R,NA,Gene_ATP1B2
NA,NA,NA,NA,Gene_ZNF90,Gene_GLIS1,NA,Gene_LINC02762
NA,NA,NA,NA,Gene_ITPR1,Gene_ANKRD33B,NA,Gene_GJD3
NA,NA,NA,NA,Gene_OGN,Gene_LRRC17,NA,Gene_KLHL13
NA,NA,NA,NA,Gene_AC011455.6,Gene_MIR223HG,NA,Gene_CCBE1
NA,NA,NA,NA,Gene_LRFN5,Gene_RAB7B,NA,Gene_GPX3
NA,NA,NA,NA,Gene_EMP3,Gene_FGF14-AS2,NA,Gene_ADGRA2
NA,NA,NA,NA,Gene_CAMK2A,Gene_SCGB3A1,NA,Gene_CLCA2
NA,NA,NA,NA,Gene_CCDC136,Gene_GPR55,NA,Gene_SHISAL1
NA,NA,NA,NA,Gene_ANKRD65,Gene_SCARA3,NA,Gene_PURG
NA,NA,NA,NA,Gene_VSIR,Gene_PAGE4,NA,Gene_STK32A
NA,NA,NA,NA,Gene_AC106881.1,Gene_RNF165,NA,Gene_SCN4A
NA,NA,NA,NA,Gene_ZNF663P,Gene_PRDM8,NA,Gene_FGFR1
NA,NA,NA,NA,Gene_TGFB1I1,Gene_AATBC,NA,Gene_EXOC3L4
NA,NA,NA,NA,Gene_GLI3,Gene_ANGPT1,NA,Gene_TMEM35A
NA,NA,NA,NA,Gene_SLC16A4,Gene_PRSS50,NA,Gene_COL23A1
NA,NA,NA,NA,Gene_PAK3,Gene_PLCL1,NA,Gene_MALRD1
NA,NA,NA,NA,Gene_ACTA2,Gene_SLC26A10,NA,Gene_CFAP221
NA,NA,NA,NA,Gene_SYNC,Gene_ACOX2,NA,Gene_RBM24
NA,NA,NA,NA,Gene_PINLYP,Gene_LINC00654,NA,Gene_CERNA2
NA,NA,NA,NA,Gene_LSAMP,Gene_CCND2-AS1,NA,Gene_FOXQ1
NA,NA,NA,NA,Gene_RGS9,Gene_PRSS12,NA,Gene_TMEM37
NA,NA,NA,NA,Gene_LINC01550,Gene_PTH1R,NA,Gene_TCF7L1
NA,NA,NA,NA,Gene_LOC158434,Gene_GALNT9,NA,Gene_NTN1
NA,NA,NA,NA,Gene_LMOD1,Gene_MAL,NA,Gene_PLCD4
NA,NA,NA,NA,Gene_CD1C,Gene_AOC3,NA,Gene_AC010226.1
NA,NA,NA,NA,Gene_AL161945.1,Gene_LOC105375743,NA,Gene_PRKCB
NA,NA,NA,NA,Gene_CLIP4,Gene_TRIM61,NA,Gene_LRRK2-DT
NA,NA,NA,NA,Gene_VANGL2,Gene_ELAVL3,NA,Gene_MRGPRF-AS1
NA,NA,NA,NA,Gene_NT5E,Gene_MIR23B,NA,Gene_TF
NA,NA,NA,NA,Gene_CPA6,Gene_AL133370.1,NA,Gene_NAALADL1
NA,NA,NA,NA,Gene_MAP1A,Gene_CGNL1,NA,Gene_CLIP3
NA,NA,NA,NA,Gene_NKD1,Gene_SLC16A5,NA,Gene_TULP1
NA,NA,NA,NA,Gene_LOC728392,Gene_PDE4C,NA,Gene_LOC284865
NA,NA,NA,NA,Gene_ANO6,Gene_TEPP,NA,Gene_CEACAM6
NA,NA,NA,NA,Gene_RNF39,Gene_BOC,NA,Gene_PON3
NA,NA,NA,NA,Gene_MEG9,Gene_RPRM,NA,Gene_DMC1
NA,NA,NA,NA,Gene_GJB5,Gene_CORO2B,NA,Gene_FXYD1
NA,NA,NA,NA,Gene_DDIT4L,Gene_ADAMTS9-AS2,NA,Gene_KCNIP3
NA,NA,NA,NA,Gene_FEZ1,Gene_ERN2,NA,Gene_ELANE
NA,NA,NA,NA,Gene_PWRN1,Gene_DPYS,NA,Gene_P2RY13
NA,NA,NA,NA,Gene_DCN,Gene_TSLP,NA,Gene_RARB
NA,NA,NA,NA,Gene_PNMA2,Gene_PEAK1,NA,Gene_MATN2
NA,NA,NA,NA,Gene_SNAP25,Gene_LINC00865,NA,Gene_MYOCD
NA,NA,NA,NA,Gene_PCSK2,Gene_MIR1-1HG-AS1,NA,Gene_AC107959.1
NA,NA,NA,NA,Gene_FAT2,Gene_AC080038.1,NA,Gene_P2RX2
NA,NA,NA,NA,Gene_ZNF536,Gene_TRABD2B,NA,Gene_MIR1-1HG
NA,NA,NA,NA,Gene_CRYAB,Gene_BMERB1,NA,Gene_ITM2A
NA,NA,NA,NA,Gene_LINC00924,Gene_LOC100129434,NA,Gene_ANKDD1A
NA,NA,NA,NA,Gene_PAPLN,Gene_LILRA1,NA,Gene_MAMDC2
NA,NA,NA,NA,Gene_ARHGAP10,Gene_ARHGAP23,NA,Gene_CPA3
NA,NA,NA,NA,Gene_GSTM4,Gene_DPYSL3,NA,Gene_AC025165.1
NA,NA,NA,NA,Gene_EYA1,Gene_JCAD,NA,Gene_RBP1
NA,NA,NA,NA,Gene_PRTFDC1,Gene_GDPD4,NA,Gene_TRIM6
NA,NA,NA,NA,Gene_SYT11,Gene_CHRDL1,NA,Gene_PRICKLE2
NA,NA,NA,NA,Gene_TENT5B,Gene_RBMS3-AS3,NA,Gene_FCRL1
NA,NA,NA,NA,Gene_SPEG,Gene_TRANK1,NA,Gene_AL158055.1
NA,NA,NA,NA,Gene_NAV2,Gene_LRRN3,NA,Gene_FGFR2
NA,NA,NA,NA,Gene_TRIM29,Gene_CCND2,NA,Gene_MAMSTR
NA,NA,NA,NA,Gene_SPARCL1,Gene_PCDH18,NA,Gene_C1QTNF1
NA,NA,NA,NA,Gene_HS6ST2,Gene_MEOX2,NA,Gene_ANGPTL1
NA,NA,NA,NA,Gene_MASP1,Gene_SYNM,NA,Gene_MLC1
NA,NA,NA,NA,Gene_SERPING1,Gene_CD244,NA,Gene_SSTR2
NA,NA,NA,NA,Gene_LINC01948,Gene_SYN2,NA,Gene_OLFM4
NA,NA,NA,NA,Gene_ZEB2,Gene_CCDC178,NA,Gene_RASL12
NA,NA,NA,NA,Gene_PRODH,Gene_ABO,NA,Gene_MXRA7P1
NA,NA,NA,NA,Gene_ROR2,Gene_AL121821.2,NA,Gene_ARMCX1
NA,NA,NA,NA,Gene_C9orf24,Gene_AC120498.2,NA,Gene_NDNF
NA,NA,NA,NA,Gene_ATP1A4,Gene_CTF1,NA,Gene_ADRA2B
NA,NA,NA,NA,Gene_ANO5,Gene_TBX4,NA,Gene_GSN
NA,NA,NA,NA,Gene_MRC2,Gene_PNMA8C,NA,Gene_GPM6B
NA,NA,NA,NA,Gene_LOC100130331,Gene_MEIS1,NA,Gene_EGFLAM
NA,NA,NA,NA,Gene_NPY6R,Gene_ACSS3,NA,Gene_ROR1
NA,NA,NA,NA,Gene_SORBS1,Gene_ZNF516,NA,Gene_BMP4
NA,NA,NA,NA,Gene_LOC105371267,Gene_NACAD,NA,Gene_MYORG
NA,NA,NA,NA,Gene_MIR222HG,Gene_DZIP1,NA,Gene_NRK
NA,NA,NA,NA,Gene_SIGLEC17P,Gene_RGS22,NA,Gene_KRT42P
NA,NA,NA,NA,Gene_PSD2,Gene_CRIP3,NA,Gene_SMIM41
NA,NA,NA,NA,Gene_FRMD6,Gene_GABRE,NA,Gene_HSD11B1
NA,NA,NA,NA,Gene_C3orf70,Gene_PTGS1,NA,Gene_HOXD13
NA,NA,NA,NA,Gene_SLC52A1,Gene_PRICKLE1,NA,Gene_BVES
NA,NA,NA,NA,Gene_FHOD3,Gene_SPON1,NA,Gene_KCNA2
NA,NA,NA,NA,Gene_EVC2,Gene_UST,NA,Gene_GATM
NA,NA,NA,NA,Gene_LINC01451,Gene_ITPRIPL1,NA,Gene_TPTEP1
NA,NA,NA,NA,Gene_AC145098.2,Gene_JAKMIP2,NA,Gene_OLFML3
NA,NA,NA,NA,Gene_COL6A2,Gene_FBXO17,NA,Gene_SCUBE1
NA,NA,NA,NA,Gene_FLRT2,Gene_HS3ST3A1,NA,Gene_FZD7
NA,NA,NA,NA,Gene_CYS1,Gene_AOC1,NA,Gene_AC013486.1
NA,NA,NA,NA,Gene_PLAG1,Gene_HAPLN2,NA,Gene_KLHL30-AS1
NA,NA,NA,NA,Gene_SLC2A4,Gene_CLVS2,NA,Gene_RAB9B
NA,NA,NA,NA,Gene_SYNE1,Gene_L1TD1,NA,Gene_AC135012.3
NA,NA,NA,NA,Gene_APOBEC3C,Gene_SV2A,NA,Gene_CNR1
NA,NA,NA,NA,Gene_LINC02701,Gene_GALNT13,NA,Gene_SLC35F4
NA,NA,NA,NA,Gene_ATP8B4,Gene_CYP4B1,NA,Gene_TMEM200B
NA,NA,NA,NA,Gene_EID3,Gene_FAM153A,NA,Gene_FCER1A
NA,NA,NA,NA,Gene_GPX2,Gene_DMGDH,NA,Gene_IQSEC3
NA,NA,NA,NA,Gene_LINC01082,Gene_ZNF454,NA,Gene_AC011504.1
NA,NA,NA,NA,Gene_HEPH,Gene_SMOC1,NA,Gene_ADAMTS9-AS1
NA,NA,NA,NA,Gene_EPHA7,Gene_LRMP,NA,Gene_B3GALT2
NA,NA,NA,NA,Gene_AL109976.1,Gene_P2RY12,NA,Gene_MRGPRE
NA,NA,NA,NA,Gene_RAB44,Gene_AQP6,NA,Gene_GCK
NA,NA,NA,NA,Gene_ANXA6,Gene_FLNA,NA,Gene_RGS13
NA,NA,NA,NA,Gene_RASA4,Gene_PEF1-AS1,NA,Gene_PRKCA
NA,NA,NA,NA,Gene_RAB34,Gene_ADGRD1,NA,Gene_XCL2
NA,NA,NA,NA,Gene_MRVI1,Gene_TMIE,NA,Gene_MYO16
NA,NA,NA,NA,Gene_KCNJ15,Gene_GSTM5,NA,Gene_TRIM9
NA,NA,NA,NA,Gene_DMKN,Gene_ADAMTSL4,NA,Gene_LDLRAD2
NA,NA,NA,NA,Gene_IL17RE,Gene_CTTNBP2,NA,Gene_RBFOX3
NA,NA,NA,NA,Gene_VENTX,Gene_HIC1,NA,Gene_AP004609.1
NA,NA,NA,NA,Gene_SPOCK3,Gene_LINC01852,NA,Gene_PGM5-AS1
NA,NA,NA,NA,Gene_DIXDC1,Gene_EDAR,NA,Gene_PHYHIPL
NA,NA,NA,NA,Gene_CACNA2D3,Gene_JAZF1,NA,Gene_TP63
NA,NA,NA,NA,Gene_MMP16,Gene_CHI3L2,NA,Gene_TARID
NA,NA,NA,NA,Gene_TWIST2,Gene_SLC38A5,NA,Gene_PGM5
NA,NA,NA,NA,Gene_RAMP2-AS1,Gene_KCP,NA,Gene_EFS
NA,NA,NA,NA,Gene_SYNDIG1,Gene_SOX15,NA,Gene_FOXF1
NA,NA,NA,NA,Gene_ZFP57,Gene_ICAM5,NA,Gene_QPRT
NA,NA,NA,NA,Gene_PCDHGB7,Gene_CPNE5,NA,Gene_TAF7L
NA,NA,NA,NA,Gene_TMLHE,Gene_ALDH3A1,NA,Gene_RGS7BP
NA,NA,NA,NA,Gene_HAPLN1,Gene_TPM1,NA,Gene_COL4A4
NA,NA,NA,NA,Gene_BCO1,Gene_CAP2,NA,Gene_FOXI2
NA,NA,NA,NA,Gene_LINC00668,Gene_NT5C1A,NA,Gene_XKR5
NA,NA,NA,NA,Gene_FZD10-AS1,Gene_KLHL30,NA,Gene_PDZRN4
NA,NA,NA,NA,Gene_MXRA7,Gene_SLC18A2,NA,Gene_RCAN2
NA,NA,NA,NA,Gene_ITIH5,Gene_SERPINF1,NA,Gene_MYOZ3
NA,NA,NA,NA,Gene_TIMP2,Gene_ATCAY,NA,Gene_NFASC
NA,NA,NA,NA,Gene_MSRB3,Gene_PLBD1,NA,Gene_KCNAB1
NA,NA,NA,NA,Gene_NPAS4,Gene_STOX2,NA,Gene_RASGRF2
NA,NA,NA,NA,Gene_ADAD2,Gene_XPNPEP2,NA,Gene_PCDHGA9
NA,NA,NA,NA,Gene_DNAJB5,Gene_AC080038.3,NA,Gene_CXCL6
NA,NA,NA,NA,Gene_OSR1,Gene_AC090825.1,NA,Gene_PGAP4
NA,NA,NA,NA,Gene_ZFP36L2,Gene_RBM20,NA,Gene_LIX1
NA,NA,NA,NA,Gene_PCDHGA2,Gene_FKBP9P1,NA,Gene_LINC00857
NA,NA,NA,NA,Gene_SCN7A,Gene_LINC02147,NA,Gene_MIR27B
NA,NA,NA,NA,Gene_AC022893.1,Gene_GRIA3,NA,Gene_SHC3
NA,NA,NA,NA,Gene_EMILIN1,Gene_GSTM2,NA,Gene_ISL2
NA,NA,NA,NA,Gene_ZDHHC15,Gene_C15orf41,NA,Gene_FAT4
NA,NA,NA,NA,Gene_LMO3,Gene_BHMT2,NA,Gene_SRPX
NA,NA,NA,NA,Gene_C4orf19,Gene_GATA5,NA,Gene_CNRIP1
NA,NA,NA,NA,Gene_TGFB2,Gene_TRHDE-AS1,NA,Gene_CDC20P1
NA,NA,NA,NA,Gene_KCNJ3,Gene_BDH2,NA,Gene_ALDH1A2
NA,NA,NA,NA,Gene_TACR2,Gene_INPP1,NA,Gene_KIT
NA,NA,NA,NA,Gene_GLDN,Gene_LINC00304,NA,Gene_STAC
NA,NA,NA,NA,Gene_DNASE1L3,Gene_LOC105370792,NA,Gene_GSTM3
NA,NA,NA,NA,Gene_ARMH4,Gene_ATP2B4,NA,Gene_ADGRL3
NA,NA,NA,NA,Gene_EYA4,Gene_AC027348.1,NA,Gene_LPAL2
NA,NA,NA,NA,Gene_PRIMA1,Gene_CYP27A1,NA,Gene_PPP1R12B
NA,NA,NA,NA,Gene_IRAK3,Gene_HOXD11,NA,Gene_SVIL2P
NA,NA,NA,NA,Gene_CA8,Gene_GFRA1,NA,Gene_P2RX6
NA,NA,NA,NA,Gene_EDNRA,Gene_C7,NA,Gene_TCF21
NA,NA,NA,NA,Gene_FGF10,Gene_HMCN2,NA,Gene_TIMP4
NA,NA,NA,NA,Gene_CARMN,Gene_IP6K3,NA,Gene_PIK3C2G
NA,NA,NA,NA,Gene_LINC02731,Gene_ACOT11,NA,Gene_TNS1
NA,NA,NA,NA,Gene_TSSC2,Gene_GPR17,NA,Gene_ELMOD1
NA,NA,NA,NA,Gene_PTPRD-AS1,Gene_ALDH1L2,NA,Gene_OXER1
NA,NA,NA,NA,Gene_FGF7,Gene_FAM181B,NA,Gene_AP001107.5
NA,NA,NA,NA,Gene_EFEMP2,Gene_LAMB3,NA,Gene_CDC42EP3
NA,NA,NA,NA,Gene_AL391056.1,Gene_INSYN1,NA,Gene_GAS1RR
NA,NA,NA,NA,Gene_KCNMA1,Gene_LOC729732,NA,Gene_RGN
NA,NA,NA,NA,Gene_ASB2,Gene_HUNK,NA,Gene_TIMP3
NA,NA,NA,NA,Gene_PALLD,Gene_P2RY2,NA,Gene_DRD1
NA,NA,NA,NA,Gene_MAML2,Gene_VGLL1,NA,Gene_GLI2
NA,NA,NA,NA,Gene_CES1,Gene_DKK3,NA,Gene_LINC01273
NA,NA,NA,NA,Gene_MYH11,Gene_FMO2,NA,Gene_LOC101929130
NA,NA,NA,NA,Gene_DDR2,Gene_AQP2,NA,Gene_HRH2
NA,NA,NA,NA,Gene_CARD11,Gene_GPC3,NA,Gene_ERVFRD-1
NA,NA,NA,NA,Gene_FGF2,Gene_GATA3,NA,Gene_TBX5
NA,NA,NA,NA,Gene_CBLN4,Gene_PTGER2,NA,Gene_LINC02388
NA,NA,NA,NA,Gene_FCRL6,Gene_CCDC8,NA,Gene_MEIS2
NA,NA,NA,NA,Gene_CCDC80,Gene_CLIC6,NA,Gene_HMGCLL1
NA,NA,NA,NA,Gene_GALR1,Gene_FENDRR,NA,Gene_KCNF1
NA,NA,NA,NA,Gene_PCDHGA12,Gene_SBSPON,NA,Gene_NUDT10
NA,NA,NA,NA,Gene_EPHA3,Gene_CYP4F24P,NA,Gene_SCUBE3
NA,NA,NA,NA,Gene_MYL3,Gene_THSD4,NA,Gene_SCN5A
NA,NA,NA,NA,Gene_HSPB6,Gene_TIAM1,NA,Gene_PLAC9
NA,NA,NA,NA,Gene_SNX7,Gene_ME1,NA,Gene_AMPH
NA,NA,NA,NA,Gene_GPX7,Gene_PID1,NA,Gene_PLPP7
NA,NA,NA,NA,Gene_CPXM1,Gene_ISL1,NA,Gene_CSF3R
NA,NA,NA,NA,Gene_INPP5D,Gene_SPART,NA,Gene_GLIS1
NA,NA,NA,NA,Gene_DRP2,Gene_HDC,NA,Gene_ANKRD33B
NA,NA,NA,NA,Gene_GJB3,Gene_NTF3,NA,Gene_LRRC17
NA,NA,NA,NA,Gene_C12orf75,Gene_RIPOR3,NA,Gene_MIR223HG
NA,NA,NA,NA,Gene_CIBAR1,Gene_GOLGA8VP,NA,Gene_RAB7B
NA,NA,NA,NA,Gene_COL16A1,Gene_ZNF853,NA,Gene_FGF14-AS2
NA,NA,NA,NA,Gene_C1QTNF7,Gene_KLF8,NA,Gene_SCGB3A1
NA,NA,NA,NA,Gene_CXCL17,Gene_RSPO1,NA,Gene_GPR55
NA,NA,NA,NA,Gene_ZCCHC12,Gene_DCLK1,NA,Gene_SCARA3
NA,NA,NA,NA,Gene_AC092691.1,Gene_EHD2,NA,Gene_PAGE4
NA,NA,NA,NA,Gene_RADX,Gene_MROH7,NA,Gene_RNF165
NA,NA,NA,NA,Gene_IGF2BP2,Gene_PI16,NA,Gene_PRDM8
NA,NA,NA,NA,Gene_PODN,Gene_FAT3,NA,Gene_AATBC
NA,NA,NA,NA,Gene_NAV3,Gene_COL14A1,NA,Gene_ANGPT1
NA,NA,NA,NA,Gene_TLR10,Gene_ITGA9,NA,Gene_PRSS50
NA,NA,NA,NA,Gene_CST7,Gene_SMIM10,NA,Gene_PLCL1
NA,NA,NA,NA,Gene_ZCCHC18,Gene_KCNB1,NA,Gene_SLC26A10
NA,NA,NA,NA,Gene_CYP3A5,Gene_ANO4,NA,Gene_ACOX2
NA,NA,NA,NA,Gene_TGFBR3,Gene_ROBO3,NA,Gene_LINC00654
NA,NA,NA,NA,Gene_SLC24A3,Gene_PRPH,NA,Gene_CCND2-AS1
NA,NA,NA,NA,Gene_LGI3,Gene_GPR173,NA,Gene_PRSS12
NA,NA,NA,NA,Gene_KCTD14,Gene_ANKFN1,NA,Gene_PTH1R
NA,NA,NA,NA,Gene_CD207,Gene_HOXD10,NA,Gene_GALNT9
NA,NA,NA,NA,Gene_SLC14A1,Gene_ITGB3,NA,Gene_MAL
NA,NA,NA,NA,Gene_PNMA8A,Gene_L3MBTL4,NA,Gene_AOC3
NA,NA,NA,NA,Gene_PAPSS2,Gene_CRTAC1,NA,Gene_LOC105375743
NA,NA,NA,NA,Gene_ENTPD3,Gene_WFDC2,NA,Gene_TRIM61
NA,NA,NA,NA,Gene_LTBP1,Gene_ADAM33,NA,Gene_ELAVL3
NA,NA,NA,NA,Gene_NIBAN3,Gene_ANKRD35,NA,Gene_MIR23B
NA,NA,NA,NA,Gene_MPZ,Gene_MMP23B,NA,Gene_AL133370.1
NA,NA,NA,NA,Gene_ANK2,Gene_PAK5,NA,Gene_CGNL1
NA,NA,NA,NA,Gene_ASXL3,Gene_CHODL,NA,Gene_SLC16A5
NA,NA,NA,NA,Gene_OMD,Gene_SCRG1,NA,Gene_PDE4C
NA,NA,NA,NA,Gene_CLMP,Gene_FERMT2,NA,Gene_TEPP
NA,NA,NA,NA,Gene_LOC100506388,Gene_A2M,NA,Gene_BOC
NA,NA,NA,NA,Gene_LINC00839,Gene_BMP2,NA,Gene_RPRM
NA,NA,NA,NA,Gene_HSPB8,Gene_SRL,NA,Gene_CORO2B
NA,NA,NA,NA,Gene_HOXA7,Gene_PPP1R1A,NA,Gene_ADAMTS9-AS2
NA,NA,NA,NA,Gene_MS4A2,Gene_MGC32805,NA,Gene_ERN2
NA,NA,NA,NA,Gene_HECW1,Gene_MEIS3P1,NA,Gene_DPYS
NA,NA,NA,NA,Gene_PHYHD1,Gene_LCNL1,NA,Gene_TSLP
NA,NA,NA,NA,Gene_CD248,Gene_TFPI,NA,Gene_PEAK1
NA,NA,NA,NA,Gene_MYZAP,Gene_RCOR2,NA,Gene_LINC00865
NA,NA,NA,NA,Gene_TTBK1,Gene_TCEAL7,NA,Gene_MIR1-1HG-AS1
NA,NA,NA,NA,Gene_APOBEC3G,Gene_TRPC4,NA,Gene_AC080038.1
NA,NA,NA,NA,Gene_ADAMTSL5,Gene_TCF7,NA,Gene_TRABD2B
NA,NA,NA,NA,Gene_S100A4,Gene_MIR145,NA,Gene_BMERB1
NA,NA,NA,NA,Gene_GPAT3,Gene_AC005180.2,NA,Gene_LOC100129434
NA,NA,NA,NA,Gene_ADAM22,Gene_CA11,NA,Gene_LILRA1
NA,NA,NA,NA,Gene_BDNF,Gene_CYP4F12,NA,Gene_ARHGAP23
NA,NA,NA,NA,Gene_DPYD,Gene_CRHBP,NA,Gene_DPYSL3
NA,NA,NA,NA,Gene_PCOLCE2,Gene_PLTP,NA,Gene_JCAD
NA,NA,NA,NA,Gene_SLC27A6,Gene_SH3RF2,NA,Gene_GDPD4
NA,NA,NA,NA,Gene_POM121L9P,Gene_PDE4A,NA,Gene_CHRDL1
NA,NA,NA,NA,Gene_EFEMP1,Gene_PLCL2,NA,Gene_RBMS3-AS3
NA,NA,NA,NA,Gene_LINC00672,Gene_TINAGL1,NA,Gene_TRANK1
NA,NA,NA,NA,Gene_CDO1,Gene_CNR2,NA,Gene_LRRN3
NA,NA,NA,NA,Gene_CCDC69,Gene_PTPRZ1,NA,Gene_CCND2
NA,NA,NA,NA,Gene_NAP1L3,Gene_RND2,NA,Gene_PCDH18
NA,NA,NA,NA,Gene_TRAF3IP3,Gene_CSRP1,NA,Gene_MEOX2
NA,NA,NA,NA,Gene_KRT4,Gene_HTR1A,NA,Gene_SYNM
NA,NA,NA,NA,Gene_CYP24A1,Gene_BEND5,NA,Gene_CD244
NA,NA,NA,NA,Gene_SOD3,Gene_SLC47A1,NA,Gene_SYN2
NA,NA,NA,NA,Gene_IGFBP6,Gene_AC105916.1,NA,Gene_CCDC178
NA,NA,NA,NA,Gene_SCN3B,Gene_AC010478.1,NA,Gene_ABO
NA,NA,NA,NA,Gene_KCNQ5,Gene_TMEM200C,NA,Gene_AL121821.2
NA,NA,NA,NA,Gene_PDGFC,Gene_RBPMS,NA,Gene_AC120498.2
NA,NA,NA,NA,Gene_BCL11A,Gene_AC243562.2,NA,Gene_CTF1
NA,NA,NA,NA,Gene_GLT8D2,Gene_GNG2,NA,Gene_TBX4
NA,NA,NA,NA,Gene_CNTN4,Gene_LOC101927359,NA,Gene_PNMA8C
NA,NA,NA,NA,Gene_GCNT4,Gene_AOX1,NA,Gene_MEIS1
NA,NA,NA,NA,Gene_CD22,Gene_MYOC,NA,Gene_ACSS3
NA,NA,NA,NA,Gene_GZMK,Gene_MPP2,NA,Gene_ZNF516
NA,NA,NA,NA,Gene_PTN,Gene_MEG3,NA,Gene_NACAD
NA,NA,NA,NA,Gene_AC015845.2,Gene_LPAR1,NA,Gene_DZIP1
NA,NA,NA,NA,Gene_PLD4,Gene_BMPER,NA,Gene_RGS22
NA,NA,NA,NA,Gene_NR2F1,Gene_AL354861.3,NA,Gene_CRIP3
NA,NA,NA,NA,Gene_TCEAL2,Gene_SLC51B,NA,Gene_GABRE
NA,NA,NA,NA,Gene_JPH2,Gene_BMP5,NA,Gene_PTGS1
NA,NA,NA,NA,Gene_CELF2,Gene_SLC8A1,NA,Gene_PRICKLE1
NA,NA,NA,NA,Gene_ARSJ,Gene_COL6A1,NA,Gene_SPON1
NA,NA,NA,NA,Gene_CD3G,Gene_CAV1,NA,Gene_UST
NA,NA,NA,NA,Gene_MYOF,Gene_RHEX,NA,Gene_ITPRIPL1
NA,NA,NA,NA,Gene_THEMIS,Gene_CACHD1,NA,Gene_JAKMIP2
NA,NA,NA,NA,Gene_RGMA,Gene_FOXC1,NA,Gene_FBXO17
NA,NA,NA,NA,Gene_CNN2,Gene_ETV5,NA,Gene_HS3ST3A1
NA,NA,NA,NA,Gene_SSPN,Gene_CAPNS2,NA,Gene_AOC1
NA,NA,NA,NA,Gene_GFPT2,Gene_C11orf21,NA,Gene_HAPLN2
NA,NA,NA,NA,Gene_MS4A1,Gene_GPRASP1,NA,Gene_CLVS2
NA,NA,NA,NA,Gene_NECAB1,Gene_ZNF90,NA,Gene_L1TD1
NA,NA,NA,NA,Gene_ZNF662,Gene_ITPR1,NA,Gene_SV2A
NA,NA,NA,NA,Gene_ANGPTL7,Gene_OGN,NA,Gene_GALNT13
NA,NA,NA,NA,Gene_OSR2,Gene_AC011455.6,NA,Gene_CYP4B1
NA,NA,NA,NA,Gene_PDE5A,Gene_LRFN5,NA,Gene_FAM153A
NA,NA,NA,NA,Gene_ADAMTSL3,Gene_EMP3,NA,Gene_DMGDH
NA,NA,NA,NA,Gene_SLITRK6,Gene_CAMK2A,NA,Gene_ZNF454
NA,NA,NA,NA,Gene_FBLN5,Gene_CCDC136,NA,Gene_SMOC1
NA,NA,NA,NA,Gene_CCDC60,Gene_ANKRD65,NA,Gene_LRMP
NA,NA,NA,NA,Gene_ECRG4,Gene_VSIR,NA,Gene_P2RY12
NA,NA,NA,NA,Gene_ADIRF-AS1,Gene_AC106881.1,NA,Gene_AQP6
NA,NA,NA,NA,Gene_SOX2,Gene_ZNF663P,NA,Gene_FLNA
NA,NA,NA,NA,Gene_ATOH8,Gene_TGFB1I1,NA,Gene_PEF1-AS1
NA,NA,NA,NA,Gene_TMEM40,Gene_GLI3,NA,Gene_ADGRD1
NA,NA,NA,NA,Gene_LIMS2,Gene_SLC16A4,NA,Gene_TMIE
NA,NA,NA,NA,Gene_UPK1A,Gene_PAK3,NA,Gene_GSTM5
NA,NA,NA,NA,Gene_IQCA1,Gene_ACTA2,NA,Gene_ADAMTSL4
NA,NA,NA,NA,Gene_ST8SIA1,Gene_SYNC,NA,Gene_CTTNBP2
NA,NA,NA,NA,Gene_KRT23,Gene_PINLYP,NA,Gene_HIC1
NA,NA,NA,NA,Gene_NR1H4,Gene_LSAMP,NA,Gene_LINC01852
NA,NA,NA,NA,Gene_MAGI2-AS3,Gene_RGS9,NA,Gene_EDAR
NA,NA,NA,NA,Gene_ADGRL2,Gene_LINC01550,NA,Gene_JAZF1
NA,NA,NA,NA,Gene_ADAM23,Gene_LOC158434,NA,Gene_CHI3L2
NA,NA,NA,NA,Gene_CES1P1,Gene_LMOD1,NA,Gene_SLC38A5
NA,NA,NA,NA,Gene_INSYN2B,Gene_CD1C,NA,Gene_KCP
NA,NA,NA,NA,Gene_CAVIN1,Gene_AL161945.1,NA,Gene_SOX15
NA,NA,NA,NA,Gene_ITGB4,Gene_CLIP4,NA,Gene_ICAM5
NA,NA,NA,NA,Gene_CTSW,Gene_VANGL2,NA,Gene_CPNE5
NA,NA,NA,NA,Gene_PRPH2,Gene_NT5E,NA,Gene_ALDH3A1
NA,NA,NA,NA,Gene_COL17A1,Gene_CPA6,NA,Gene_TPM1
NA,NA,NA,NA,Gene_DIO3OS,Gene_MAP1A,NA,Gene_CAP2
NA,NA,NA,NA,Gene_CDH10,Gene_NKD1,NA,Gene_NT5C1A
NA,NA,NA,NA,Gene_ZNF204P,Gene_LOC728392,NA,Gene_KLHL30
NA,NA,NA,NA,Gene_TENM3,Gene_ANO6,NA,Gene_SLC18A2
NA,NA,NA,NA,Gene_SLIT2,Gene_RNF39,NA,Gene_SERPINF1
NA,NA,NA,NA,Gene_LGR5,Gene_MEG9,NA,Gene_ATCAY
NA,NA,NA,NA,Gene_MYL9,Gene_GJB5,NA,Gene_PLBD1
NA,NA,NA,NA,Gene_MRAP2,Gene_DDIT4L,NA,Gene_STOX2
NA,NA,NA,NA,Gene_PTGIS,Gene_FEZ1,NA,Gene_XPNPEP2
NA,NA,NA,NA,Gene_CNTN2,Gene_PWRN1,NA,Gene_AC080038.3
NA,NA,NA,NA,Gene_CPVL,Gene_DCN,NA,Gene_AC090825.1
NA,NA,NA,NA,Gene_TAGAP,Gene_PNMA2,NA,Gene_RBM20
NA,NA,NA,NA,Gene_SERPINF2,Gene_SNAP25,NA,Gene_FKBP9P1
NA,NA,NA,NA,Gene_FLRT3,Gene_PCSK2,NA,Gene_LINC02147
NA,NA,NA,NA,Gene_PDE6B,Gene_FAT2,NA,Gene_GRIA3
NA,NA,NA,NA,Gene_CAPN8,Gene_ZNF536,NA,Gene_GSTM2
NA,NA,NA,NA,Gene_CYP27C1,Gene_CRYAB,NA,Gene_C15orf41
NA,NA,NA,NA,Gene_SNHG18,Gene_LINC00924,NA,Gene_BHMT2
NA,NA,NA,NA,Gene_BLK,Gene_PAPLN,NA,Gene_GATA5
NA,NA,NA,NA,Gene_GAS1,Gene_ARHGAP10,NA,Gene_TRHDE-AS1
NA,NA,NA,NA,Gene_GALNT5,Gene_GSTM4,NA,Gene_BDH2
NA,NA,NA,NA,Gene_COPZ2,Gene_EYA1,NA,Gene_INPP1
NA,NA,NA,NA,Gene_AARD,Gene_PRTFDC1,NA,Gene_LINC00304
NA,NA,NA,NA,Gene_KCNMB1,Gene_SYT11,NA,Gene_LOC105370792
NA,NA,NA,NA,Gene_PTCHD1,Gene_TENT5B,NA,Gene_ATP2B4
NA,NA,NA,NA,Gene_DYNC1I1,Gene_SPEG,NA,Gene_AC027348.1
NA,NA,NA,NA,Gene_RARRES2,Gene_NAV2,NA,Gene_CYP27A1
NA,NA,NA,NA,Gene_FCRL3,Gene_TRIM29,NA,Gene_HOXD11
NA,NA,NA,NA,Gene_MFAP2,Gene_SPARCL1,NA,Gene_GFRA1
NA,NA,NA,NA,Gene_ITGA8,Gene_HS6ST2,NA,Gene_C7
NA,NA,NA,NA,Gene_RRN3P1,Gene_MASP1,NA,Gene_HMCN2
NA,NA,NA,NA,Gene_KCNQ3,Gene_SERPING1,NA,Gene_IP6K3
NA,NA,NA,NA,Gene_ITGB7,Gene_LINC01948,NA,Gene_ACOT11
NA,NA,NA,NA,Gene_THSD7B,Gene_ZEB2,NA,Gene_GPR17
NA,NA,NA,NA,Gene_SERTAD4,Gene_PRODH,NA,Gene_ALDH1L2
NA,NA,NA,NA,Gene_HSD17B13,Gene_ROR2,NA,Gene_FAM181B
NA,NA,NA,NA,Gene_GFRA2,Gene_C9orf24,NA,Gene_LAMB3
NA,NA,NA,NA,Gene_NIPAL4,Gene_ATP1A4,NA,Gene_INSYN1
NA,NA,NA,NA,Gene_MAP3K20,Gene_ANO5,NA,Gene_LOC729732
NA,NA,NA,NA,Gene_CEACAM1,Gene_MRC2,NA,Gene_HUNK
NA,NA,NA,NA,Gene_SERTM2,Gene_LOC100130331,NA,Gene_P2RY2
NA,NA,NA,NA,Gene_FHL1,Gene_NPY6R,NA,Gene_VGLL1
NA,NA,NA,NA,Gene_CAVIN2,Gene_SORBS1,NA,Gene_DKK3
NA,NA,NA,NA,Gene_NDP,Gene_LOC105371267,NA,Gene_FMO2
NA,NA,NA,NA,Gene_S1PR5,Gene_MIR222HG,NA,Gene_AQP2
NA,NA,NA,NA,Gene_LINC00506,Gene_SIGLEC17P,NA,Gene_GPC3
NA,NA,NA,NA,Gene_CAV2,Gene_PSD2,NA,Gene_GATA3
NA,NA,NA,NA,Gene_IGSF10,Gene_FRMD6,NA,Gene_PTGER2
NA,NA,NA,NA,Gene_CD8A,Gene_C3orf70,NA,Gene_CCDC8
NA,NA,NA,NA,Gene_WFDC1,Gene_SLC52A1,NA,Gene_CLIC6
NA,NA,NA,NA,Gene_AC053503.4,Gene_FHOD3,NA,Gene_FENDRR
NA,NA,NA,NA,Gene_PTGDS,Gene_EVC2,NA,Gene_SBSPON
NA,NA,NA,NA,Gene_CCL28,Gene_LINC01451,NA,Gene_CYP4F24P
NA,NA,NA,NA,Gene_RERGL,Gene_AC145098.2,NA,Gene_THSD4
NA,NA,NA,NA,Gene_GLI1,Gene_COL6A2,NA,Gene_TIAM1
NA,NA,NA,NA,Gene_GAPT,Gene_FLRT2,NA,Gene_ME1
NA,NA,NA,NA,Gene_WNT6,Gene_CYS1,NA,Gene_PID1
NA,NA,NA,NA,Gene_COL27A1,Gene_PLAG1,NA,Gene_ISL1
NA,NA,NA,NA,Gene_DTNA,Gene_SLC2A4,NA,Gene_SPART
NA,NA,NA,NA,Gene_DUOX1,Gene_SYNE1,NA,Gene_HDC
NA,NA,NA,NA,Gene_CD48,Gene_APOBEC3C,NA,Gene_NTF3
NA,NA,NA,NA,Gene_ZNF185,Gene_LINC02701,NA,Gene_RIPOR3
NA,NA,NA,NA,Gene_PROM1,Gene_ATP8B4,NA,Gene_GOLGA8VP
NA,NA,NA,NA,Gene_ADGRD2,Gene_EID3,NA,Gene_ZNF853
NA,NA,NA,NA,Gene_ARMCX2,Gene_GPX2,NA,Gene_KLF8
NA,NA,NA,NA,Gene_GLRB,Gene_LINC01082,NA,Gene_RSPO1
NA,NA,NA,NA,Gene_NRG1,Gene_HEPH,NA,Gene_DCLK1
NA,NA,NA,NA,Gene_CDC42EP5,Gene_EPHA7,NA,Gene_EHD2
NA,NA,NA,NA,Gene_SV2B,Gene_AL109976.1,NA,Gene_MROH7
NA,NA,NA,NA,Gene_SLC6A16,Gene_RAB44,NA,Gene_PI16
NA,NA,NA,NA,Gene_F13A1,Gene_ANXA6,NA,Gene_ITGA9
NA,NA,NA,NA,Gene_SYNPO2,Gene_RASA4,NA,Gene_SMIM10
NA,NA,NA,NA,Gene_RND3,Gene_RAB34,NA,Gene_KCNB1
NA,NA,NA,NA,Gene_CLDN11,Gene_MRVI1,NA,Gene_ANO4
NA,NA,NA,NA,Gene_SLC7A3,Gene_KCNJ15,NA,Gene_ROBO3
NA,NA,NA,NA,Gene_HACD1,Gene_DMKN,NA,Gene_PRPH
NA,NA,NA,NA,Gene_MT1A,Gene_IL17RE,NA,Gene_GPR173
NA,NA,NA,NA,Gene_VSNL1,Gene_VENTX,NA,Gene_ANKFN1
NA,NA,NA,NA,Gene_MT1L,Gene_SPOCK3,NA,Gene_HOXD10
NA,NA,NA,NA,Gene_AC005831.1,Gene_DIXDC1,NA,Gene_ITGB3
NA,NA,NA,NA,Gene_VTCN1,Gene_CACNA2D3,NA,Gene_L3MBTL4
NA,NA,NA,NA,Gene_KNDC1,Gene_MMP16,NA,Gene_CRTAC1
NA,NA,NA,NA,Gene_PPARGC1A,Gene_TWIST2,NA,Gene_WFDC2
NA,NA,NA,NA,Gene_ABCC9,Gene_RAMP2-AS1,NA,Gene_ADAM33
NA,NA,NA,NA,Gene_SLC1A7,Gene_SYNDIG1,NA,Gene_ANKRD35
NA,NA,NA,NA,Gene_CNTN1,Gene_ZFP57,NA,Gene_MMP23B
NA,NA,NA,NA,Gene_MBNL1-AS1,Gene_PCDHGB7,NA,Gene_PAK5
NA,NA,NA,NA,Gene_FLNC,Gene_TMLHE,NA,Gene_CHODL
NA,NA,NA,NA,Gene_TRIM22,Gene_HAPLN1,NA,Gene_SCRG1
NA,NA,NA,NA,Gene_LY9,Gene_BCO1,NA,Gene_FERMT2
NA,NA,NA,NA,Gene_CXCL1,Gene_LINC00668,NA,Gene_A2M
NA,NA,NA,NA,Gene_MIR205HG,Gene_FZD10-AS1,NA,Gene_BMP2
NA,NA,NA,NA,Gene_GSTP1,Gene_MXRA7,NA,Gene_SRL
NA,NA,NA,NA,Gene_SEMA3E,Gene_ITIH5,NA,Gene_PPP1R1A
NA,NA,NA,NA,Gene_RASL11A,Gene_TIMP2,NA,Gene_MGC32805
NA,NA,NA,NA,Gene_LRP1B,Gene_MSRB3,NA,Gene_MEIS3P1
NA,NA,NA,NA,Gene_AC107918.4,Gene_NPAS4,NA,Gene_LCNL1
NA,NA,NA,NA,Gene_TNS4,Gene_ADAD2,NA,Gene_TFPI
NA,NA,NA,NA,Gene_CSRNP3,Gene_DNAJB5,NA,Gene_RCOR2
NA,NA,NA,NA,Gene_AP000547.3,Gene_OSR1,NA,Gene_TCEAL7
NA,NA,NA,NA,Gene_PLSCR4,Gene_ZFP36L2,NA,Gene_TRPC4
NA,NA,NA,NA,Gene_PCDH9,Gene_PCDHGA2,NA,Gene_TCF7
NA,NA,NA,NA,Gene_FZD10,Gene_SCN7A,NA,Gene_MIR145
NA,NA,NA,NA,Gene_C1S,Gene_AC022893.1,NA,Gene_AC005180.2
NA,NA,NA,NA,Gene_SERP2,Gene_EMILIN1,NA,Gene_CA11
NA,NA,NA,NA,Gene_LOC105374618,Gene_ZDHHC15,NA,Gene_CYP4F12
NA,NA,NA,NA,Gene_RIC3,Gene_LMO3,NA,Gene_CRHBP
NA,NA,NA,NA,Gene_AC025284.1,Gene_C4orf19,NA,Gene_PLTP
NA,NA,NA,NA,Gene_SCG5,Gene_TGFB2,NA,Gene_SH3RF2
NA,NA,NA,NA,Gene_NGFR,Gene_KCNJ3,NA,Gene_PDE4A
NA,NA,NA,NA,Gene_P2RX1,Gene_TACR2,NA,Gene_PLCL2
NA,NA,NA,NA,Gene_KCNJ8,Gene_GLDN,NA,Gene_TINAGL1
NA,NA,NA,NA,Gene_HYDIN2,Gene_DNASE1L3,NA,Gene_CNR2
NA,NA,NA,NA,Gene_ITGA2,Gene_ARMH4,NA,Gene_PTPRZ1
NA,NA,NA,NA,Gene_LINC00958,Gene_EYA4,NA,Gene_RND2
NA,NA,NA,NA,Gene_CPEB1,Gene_PRIMA1,NA,Gene_CSRP1
NA,NA,NA,NA,Gene_SLC22A3,Gene_IRAK3,NA,Gene_HTR1A
NA,NA,NA,NA,Gene_ENPEP,Gene_CA8,NA,Gene_BEND5
NA,NA,NA,NA,Gene_UCHL1,Gene_EDNRA,NA,Gene_SLC47A1
NA,NA,NA,NA,Gene_ARSI,Gene_FGF10,NA,Gene_AC105916.1
NA,NA,NA,NA,Gene_FRRS1L,Gene_CARMN,NA,Gene_AC010478.1
NA,NA,NA,NA,Gene_ARMCX4,Gene_LINC02731,NA,Gene_TMEM200C
NA,NA,NA,NA,Gene_COCH,Gene_TSSC2,NA,Gene_RBPMS
NA,NA,NA,NA,Gene_COX7A1,Gene_PTPRD-AS1,NA,Gene_AC243562.2
NA,NA,NA,NA,Gene_AC024337.2,Gene_FGF7,NA,Gene_GNG2
NA,NA,NA,NA,Gene_FBLN2,Gene_EFEMP2,NA,Gene_LOC101927359
NA,NA,NA,NA,Gene_CLEC10A,Gene_AL391056.1,NA,Gene_AOX1
NA,NA,NA,NA,Gene_ZNF154,Gene_KCNMA1,NA,Gene_MYOC
NA,NA,NA,NA,Gene_PRKCQ,Gene_ASB2,NA,Gene_MPP2
NA,NA,NA,NA,Gene_FCRLA,Gene_PALLD,NA,Gene_MEG3
NA,NA,NA,NA,Gene_PRDM5,Gene_MAML2,NA,Gene_LPAR1
NA,NA,NA,NA,Gene_CCR2,Gene_CES1,NA,Gene_BMPER
NA,NA,NA,NA,Gene_PLAGL1,Gene_MYH11,NA,Gene_AL354861.3
NA,NA,NA,NA,Gene_LOC93429,Gene_DDR2,NA,Gene_SLC51B
NA,NA,NA,NA,Gene_ZNF835,Gene_CARD11,NA,Gene_BMP5
NA,NA,NA,NA,Gene_CKM,Gene_FGF2,NA,Gene_SLC8A1
NA,NA,NA,NA,Gene_CHAD,Gene_CBLN4,NA,Gene_COL6A1
NA,NA,NA,NA,Gene_SAMD12,Gene_FCRL6,NA,Gene_CAV1
NA,NA,NA,NA,Gene_FBN1,Gene_CCDC80,NA,Gene_RHEX
NA,NA,NA,NA,Gene_TPSD1,Gene_GALR1,NA,Gene_CACHD1
NA,NA,NA,NA,Gene_ECM2,Gene_PCDHGA12,NA,Gene_FOXC1
NA,NA,NA,NA,Gene_MYOM1,Gene_EPHA3,NA,Gene_ETV5
NA,NA,NA,NA,Gene_HHIP-AS1,Gene_MYL3,NA,Gene_CAPNS2
NA,NA,NA,NA,Gene_NTF4,Gene_HSPB6,NA,Gene_C11orf21
NA,NA,NA,NA,Gene_CLU,Gene_SNX7,NA,Gene_GPRASP1
NA,NA,NA,NA,Gene_SGCD,Gene_GPX7,NA,Gene_ZNF90
NA,NA,NA,NA,Gene_GABRA3,Gene_CPXM1,NA,Gene_ITPR1
NA,NA,NA,NA,Gene_MFAP4,Gene_INPP5D,NA,Gene_OGN
NA,NA,NA,NA,Gene_S100A6,Gene_DRP2,NA,Gene_AC011455.6
NA,NA,NA,NA,Gene_SPIB,Gene_GJB3,NA,Gene_LRFN5
NA,NA,NA,NA,Gene_INAVA,Gene_C12orf75,NA,Gene_EMP3
NA,NA,NA,NA,Gene_TNC,Gene_CIBAR1,NA,Gene_CAMK2A
NA,NA,NA,NA,Gene_GLIS3,Gene_COL16A1,NA,Gene_CCDC136
NA,NA,NA,NA,Gene_TAGLN,Gene_C1QTNF7,NA,Gene_ANKRD65
NA,NA,NA,NA,Gene_ITGB8,Gene_CXCL17,NA,Gene_VSIR
NA,NA,NA,NA,Gene_SEMA6D,Gene_ZCCHC12,NA,Gene_AC106881.1
NA,NA,NA,NA,Gene_MIR205,Gene_AC092691.1,NA,Gene_ZNF663P
NA,NA,NA,NA,Gene_RERG,Gene_RADX,NA,Gene_TGFB1I1
NA,NA,NA,NA,Gene_CCDC3,Gene_IGF2BP2,NA,Gene_GLI3
NA,NA,NA,NA,Gene_ST6GAL2,Gene_PODN,NA,Gene_SLC16A4
NA,NA,NA,NA,Gene_ACTA2-AS1,Gene_NAV3,NA,Gene_PAK3
NA,NA,NA,NA,Gene_DUSP26,Gene_TLR10,NA,Gene_ACTA2
NA,NA,NA,NA,Gene_CCR4,Gene_CST7,NA,Gene_SYNC
NA,NA,NA,NA,Gene_GBP1P1,Gene_ZCCHC18,NA,Gene_PINLYP
NA,NA,NA,NA,Gene_TNFRSF11B,Gene_CYP3A5,NA,Gene_LSAMP
NA,NA,NA,NA,Gene_AC053503.6,Gene_TGFBR3,NA,Gene_RGS9
NA,NA,NA,NA,Gene_PGR,Gene_SLC24A3,NA,Gene_LINC01550
NA,NA,NA,NA,Gene_CRTAM,Gene_LGI3,NA,Gene_LOC158434
NA,NA,NA,NA,Gene_IL2RB,Gene_KCTD14,NA,Gene_LMOD1
NA,NA,NA,NA,Gene_INMT,Gene_CD207,NA,Gene_CD1C
NA,NA,NA,NA,Gene_S1PR3,Gene_SLC14A1,NA,Gene_AL161945.1
NA,NA,NA,NA,Gene_SIGLEC14,Gene_PNMA8A,NA,Gene_CLIP4
NA,NA,NA,NA,Gene_IL33,Gene_PAPSS2,NA,Gene_VANGL2
NA,NA,NA,NA,Gene_CEND1,Gene_ENTPD3,NA,Gene_NT5E
NA,NA,NA,NA,Gene_STK33,Gene_LTBP1,NA,Gene_CPA6
NA,NA,NA,NA,Gene_COL4A3,Gene_NIBAN3,NA,Gene_MAP1A
NA,NA,NA,NA,Gene_CA3,Gene_MPZ,NA,Gene_NKD1
NA,NA,NA,NA,Gene_GPR132,Gene_ANK2,NA,Gene_LOC728392
NA,NA,NA,NA,Gene_FREM2,Gene_ASXL3,NA,Gene_ANO6
NA,NA,NA,NA,Gene_AC008687.3,Gene_OMD,NA,Gene_RNF39
NA,NA,NA,NA,Gene_PLEKHH2,Gene_CLMP,NA,Gene_MEG9
NA,NA,NA,NA,Gene_TPM2,Gene_LOC100506388,NA,Gene_GJB5
NA,NA,NA,NA,Gene_AC073062.1,Gene_LINC00839,NA,Gene_DDIT4L
NA,NA,NA,NA,Gene_NELL1,Gene_HSPB8,NA,Gene_FEZ1
NA,NA,NA,NA,Gene_AC016582.3,Gene_HOXA7,NA,Gene_PWRN1
NA,NA,NA,NA,Gene_CCR5,Gene_MS4A2,NA,Gene_DCN
NA,NA,NA,NA,Gene_LRRK2,Gene_HECW1,NA,Gene_PNMA2
NA,NA,NA,NA,Gene_TMEM158,Gene_PHYHD1,NA,Gene_SNAP25
NA,NA,NA,NA,Gene_CRACR2A,Gene_CD248,NA,Gene_PCSK2
NA,NA,NA,NA,Gene_ENPP6,Gene_MYZAP,NA,Gene_FAT2
NA,NA,NA,NA,Gene_RAC2,Gene_TTBK1,NA,Gene_ZNF536
NA,NA,NA,NA,Gene_IGSF9B,Gene_APOBEC3G,NA,Gene_CRYAB
NA,NA,NA,NA,Gene_S100A14,Gene_ADAMTSL5,NA,Gene_LINC00924
NA,NA,NA,NA,Gene_CCL14,Gene_S100A4,NA,Gene_PAPLN
NA,NA,NA,NA,Gene_C16orf89,Gene_GPAT3,NA,Gene_ARHGAP10
NA,NA,NA,NA,Gene_S100B,Gene_ADAM22,NA,Gene_GSTM4
NA,NA,NA,NA,Gene_CHGB,Gene_BDNF,NA,Gene_EYA1
NA,NA,NA,NA,Gene_SCARA5,Gene_DPYD,NA,Gene_PRTFDC1
NA,NA,NA,NA,Gene_IGDCC4,Gene_PCOLCE2,NA,Gene_SYT11
NA,NA,NA,NA,Gene_FST,Gene_SLC27A6,NA,Gene_TENT5B
NA,NA,NA,NA,Gene_CLDN10,Gene_POM121L9P,NA,Gene_SPEG
NA,NA,NA,NA,Gene_ZNF655,Gene_EFEMP1,NA,Gene_NAV2
NA,NA,NA,NA,Gene_AP002800.1,Gene_LINC00672,NA,Gene_TRIM29
NA,NA,NA,NA,Gene_MSLN,Gene_CDO1,NA,Gene_SPARCL1
NA,NA,NA,NA,Gene_GGT6,Gene_CCDC69,NA,Gene_HS6ST2
NA,NA,NA,NA,Gene_STAC2,Gene_NAP1L3,NA,Gene_MASP1
NA,NA,NA,NA,Gene_HR,Gene_TRAF3IP3,NA,Gene_SERPING1
NA,NA,NA,NA,Gene_ALOX5AP,Gene_KRT4,NA,Gene_LINC01948
NA,NA,NA,NA,Gene_CFAP300,Gene_CYP24A1,NA,Gene_ZEB2
NA,NA,NA,NA,Gene_KRT13,Gene_SOD3,NA,Gene_PRODH
NA,NA,NA,NA,Gene_SCN11A,Gene_IGFBP6,NA,Gene_ROR2
NA,NA,NA,NA,Gene_PCDH10,Gene_SCN3B,NA,Gene_C9orf24
NA,NA,NA,NA,Gene_MKX,Gene_KCNQ5,NA,Gene_ATP1A4
NA,NA,NA,NA,Gene_RBMS3,Gene_PDGFC,NA,Gene_ANO5
NA,NA,NA,NA,Gene_ARL4D,Gene_BCL11A,NA,Gene_MRC2
NA,NA,NA,NA,Gene_PWWP3B,Gene_GLT8D2,NA,Gene_LOC100130331
NA,NA,NA,NA,Gene_SELP,Gene_CNTN4,NA,Gene_NPY6R
NA,NA,NA,NA,Gene_ADAMTS5,Gene_GCNT4,NA,Gene_SORBS1
NA,NA,NA,NA,Gene_TAFA4,Gene_CD22,NA,Gene_LOC105371267
NA,NA,NA,NA,Gene_ANXA1,Gene_GZMK,NA,Gene_MIR222HG
NA,NA,NA,NA,Gene_SH3BGRL,Gene_PTN,NA,Gene_SIGLEC17P
NA,NA,NA,NA,Gene_SGCA,Gene_AC015845.2,NA,Gene_PSD2
NA,NA,NA,NA,Gene_LINC01515,Gene_PLD4,NA,Gene_FRMD6
NA,NA,NA,NA,Gene_C1R,Gene_NR2F1,NA,Gene_C3orf70
NA,NA,NA,NA,Gene_NTN4,Gene_TCEAL2,NA,Gene_SLC52A1
NA,NA,NA,NA,Gene_GBP2,Gene_JPH2,NA,Gene_FHOD3
NA,NA,NA,NA,Gene_PLN,Gene_CELF2,NA,Gene_EVC2
NA,NA,NA,NA,Gene_TPSB2,Gene_ARSJ,NA,Gene_LINC01451
NA,NA,NA,NA,Gene_CFH,Gene_CD3G,NA,Gene_AC145098.2
NA,NA,NA,NA,Gene_C10orf99,Gene_MYOF,NA,Gene_COL6A2
NA,NA,NA,NA,Gene_TNFSF14,Gene_THEMIS,NA,Gene_FLRT2
NA,NA,NA,NA,Gene_CHRNA7,Gene_RGMA,NA,Gene_CYS1
NA,NA,NA,NA,Gene_LOC100507336,Gene_CNN2,NA,Gene_PLAG1
NA,NA,NA,NA,Gene_MAOB,Gene_SSPN,NA,Gene_SLC2A4
NA,NA,NA,NA,Gene_ITGAL,Gene_GFPT2,NA,Gene_APOBEC3C
NA,NA,NA,NA,Gene_MIR100HG,Gene_MS4A1,NA,Gene_LINC02701
NA,NA,NA,NA,Gene_TMOD1,Gene_NECAB1,NA,Gene_ATP8B4
NA,NA,NA,NA,Gene_CDHR1,Gene_ZNF662,NA,Gene_EID3
NA,NA,NA,NA,Gene_ARHGAP40,Gene_ANGPTL7,NA,Gene_GPX2
NA,NA,NA,NA,Gene_ABCA8,Gene_OSR2,NA,Gene_LINC01082
NA,NA,NA,NA,Gene_CCL5,Gene_PDE5A,NA,Gene_EPHA7
NA,NA,NA,NA,Gene_ADGRG5,Gene_ADAMTSL3,NA,Gene_AL109976.1
NA,NA,NA,NA,Gene_ACTG2,Gene_SLITRK6,NA,Gene_RAB44
NA,NA,NA,NA,Gene_CNN1,Gene_FBLN5,NA,Gene_ANXA6
NA,NA,NA,NA,Gene_GLB1L3,Gene_CCDC60,NA,Gene_RASA4
NA,NA,NA,NA,Gene_CDH20,Gene_ECRG4,NA,Gene_RAB34
NA,NA,NA,NA,Gene_AC018629.1,Gene_ADIRF-AS1,NA,Gene_MRVI1
NA,NA,NA,NA,Gene_NRXN2,Gene_SOX2,NA,Gene_KCNJ15
NA,NA,NA,NA,Gene_AC126177.3,Gene_ATOH8,NA,Gene_DMKN
NA,NA,NA,NA,Gene_TPSAB1,Gene_TMEM40,NA,Gene_IL17RE
NA,NA,NA,NA,Gene_NEGR1,Gene_LIMS2,NA,Gene_VENTX
NA,NA,NA,NA,Gene_PRELP,Gene_UPK1A,NA,Gene_SPOCK3
NA,NA,NA,NA,Gene_MRGPRF,Gene_IQCA1,NA,Gene_DIXDC1
NA,NA,NA,NA,Gene_HHIP,Gene_ST8SIA1,NA,Gene_CACNA2D3
NA,NA,NA,NA,Gene_ITGB2-AS1,Gene_KRT23,NA,Gene_MMP16
NA,NA,NA,NA,Gene_AC061961.1,Gene_NR1H4,NA,Gene_TWIST2
NA,NA,NA,NA,Gene_UBE2QL1,Gene_MAGI2-AS3,NA,Gene_RAMP2-AS1
NA,NA,NA,NA,Gene_APOD,Gene_ADGRL2,NA,Gene_SYNDIG1
NA,NA,NA,NA,Gene_LGALS9B,Gene_ADAM23,NA,Gene_ZFP57
NA,NA,NA,NA,Gene_PHYHIP,Gene_CES1P1,NA,Gene_PCDHGB7
NA,NA,NA,NA,Gene_DIO3,Gene_INSYN2B,NA,Gene_TMLHE
NA,NA,NA,NA,Gene_NEXN,Gene_CAVIN1,NA,Gene_HAPLN1
NA,NA,NA,NA,Gene_SNCG,Gene_ITGB4,NA,Gene_BCO1
NA,NA,NA,NA,Gene_AC036108.3,Gene_CTSW,NA,Gene_LINC00668
NA,NA,NA,NA,Gene_DACT3,Gene_PRPH2,NA,Gene_FZD10-AS1
NA,NA,NA,NA,Gene_MUC4,Gene_COL17A1,NA,Gene_MXRA7
NA,NA,NA,NA,Gene_EDIL3,Gene_DIO3OS,NA,Gene_ITIH5
NA,NA,NA,NA,Gene_NAPSB,Gene_CDH10,NA,Gene_TIMP2
NA,NA,NA,NA,Gene_ALOX12P2,Gene_ZNF204P,NA,Gene_MSRB3
NA,NA,NA,NA,Gene_DACT1,Gene_TENM3,NA,Gene_NPAS4
NA,NA,NA,NA,Gene_RSPO3,Gene_SLIT2,NA,Gene_ADAD2
NA,NA,NA,NA,Gene_ZNF385D,Gene_LGR5,NA,Gene_DNAJB5
NA,NA,NA,NA,Gene_IKZF1,Gene_MYL9,NA,Gene_OSR1
NA,NA,NA,NA,Gene_TRIM31,Gene_MRAP2,NA,Gene_ZFP36L2
NA,NA,NA,NA,Gene_DUOX2,Gene_PTGIS,NA,Gene_PCDHGA2
NA,NA,NA,NA,Gene_SNCAIP,Gene_CNTN2,NA,Gene_SCN7A
NA,NA,NA,NA,Gene_BCL11B,Gene_CPVL,NA,Gene_AC022893.1
NA,NA,NA,NA,Gene_SLC2A5,Gene_TAGAP,NA,Gene_EMILIN1
NA,NA,NA,NA,Gene_STUM,Gene_SERPINF2,NA,Gene_ZDHHC15
NA,NA,NA,NA,Gene_TNFAIP8L3,Gene_FLRT3,NA,Gene_LMO3
NA,NA,NA,NA,Gene_HLA-DOA,Gene_PDE6B,NA,Gene_C4orf19
NA,NA,NA,NA,Gene_ANXA8,Gene_CAPN8,NA,Gene_TGFB2
NA,NA,NA,NA,Gene_IL1B,Gene_CYP27C1,NA,Gene_KCNJ3
NA,NA,NA,NA,Gene_AF165147.1,Gene_SNHG18,NA,Gene_TACR2
NA,NA,NA,NA,Gene_ROBO1,Gene_BLK,NA,Gene_GLDN
NA,NA,NA,NA,Gene_CCDC181,Gene_GAS1,NA,Gene_DNASE1L3
NA,NA,NA,NA,Gene_SYT9,Gene_GALNT5,NA,Gene_ARMH4
NA,NA,NA,NA,Gene_SLC34A2,Gene_COPZ2,NA,Gene_EYA4
NA,NA,NA,NA,Gene_TMEM255A,Gene_AARD,NA,Gene_PRIMA1
NA,NA,NA,NA,Gene_PLCH2,Gene_KCNMB1,NA,Gene_IRAK3
NA,NA,NA,NA,Gene_EOMES,Gene_PTCHD1,NA,Gene_CA8
NA,NA,NA,NA,Gene_CFTR,Gene_DYNC1I1,NA,Gene_EDNRA
NA,NA,NA,NA,Gene_DSC3,Gene_RARRES2,NA,Gene_FGF10
NA,NA,NA,NA,Gene_CLCA4,Gene_FCRL3,NA,Gene_CARMN
NA,NA,NA,NA,Gene_EMX2OS,Gene_MFAP2,NA,Gene_LINC02731
NA,NA,NA,NA,Gene_DLGAP1,Gene_ITGA8,NA,Gene_TSSC2
NA,NA,NA,NA,Gene_HMCN1,Gene_RRN3P1,NA,Gene_PTPRD-AS1
NA,NA,NA,NA,Gene_ELN,Gene_KCNQ3,NA,Gene_FGF7
NA,NA,NA,NA,Gene_SRRM3,Gene_ITGB7,NA,Gene_EFEMP2
NA,NA,NA,NA,Gene_WSCD2,Gene_THSD7B,NA,Gene_AL391056.1
NA,NA,NA,NA,Gene_ABCC3,Gene_SERTAD4,NA,Gene_KCNMA1
NA,NA,NA,NA,Gene_ACTC1,Gene_HSD17B13,NA,Gene_ASB2
NA,NA,NA,NA,Gene_KCNH2,Gene_GFRA2,NA,Gene_PALLD
NA,NA,NA,NA,Gene_ALDH1A1,Gene_NIPAL4,NA,Gene_MAML2
NA,NA,NA,NA,Gene_ICAM3,Gene_MAP3K20,NA,Gene_CES1
NA,NA,NA,NA,Gene_CDH17,Gene_CEACAM1,NA,Gene_MYH11
NA,NA,NA,NA,Gene_FCGR3B,Gene_SERTM2,NA,Gene_DDR2
NA,NA,NA,NA,Gene_EDNRB,Gene_FHL1,NA,Gene_CARD11
NA,NA,NA,NA,Gene_AKR1C2,Gene_CAVIN2,NA,Gene_FGF2
NA,NA,NA,NA,Gene_ITK,Gene_NDP,NA,Gene_CBLN4
NA,NA,NA,NA,Gene_PDGFRA,Gene_S1PR5,NA,Gene_FCRL6
NA,NA,NA,NA,Gene_ADH1B,Gene_LINC00506,NA,Gene_CCDC80
NA,NA,NA,NA,Gene_AHNAK2,Gene_CAV2,NA,Gene_GALR1
NA,NA,NA,NA,Gene_VGLL3,Gene_IGSF10,NA,Gene_PCDHGA12
NA,NA,NA,NA,Gene_ANXA8L1,Gene_CD8A,NA,Gene_EPHA3
NA,NA,NA,NA,Gene_KRT15,Gene_WFDC1,NA,Gene_MYL3
NA,NA,NA,NA,Gene_NAALAD2,Gene_AC053503.4,NA,Gene_HSPB6
NA,NA,NA,NA,Gene_CYP4F29P,Gene_PTGDS,NA,Gene_SNX7
NA,NA,NA,NA,Gene_HSPB3,Gene_CCL28,NA,Gene_GPX7
NA,NA,NA,NA,Gene_KIAA1755,Gene_RERGL,NA,Gene_CPXM1
NA,NA,NA,NA,Gene_TMPRSS4,Gene_GLI1,NA,Gene_INPP5D
NA,NA,NA,NA,Gene_FBN2,Gene_GAPT,NA,Gene_DRP2
NA,NA,NA,NA,Gene_KRT5,Gene_WNT6,NA,Gene_GJB3
NA,NA,NA,NA,Gene_PRRX2,Gene_COL27A1,NA,Gene_C12orf75
NA,NA,NA,NA,Gene_GABRP,Gene_DTNA,NA,Gene_CIBAR1
NA,NA,NA,NA,Gene_SLAMF6,Gene_DUOX1,NA,Gene_COL16A1
NA,NA,NA,NA,Gene_KRT16,Gene_CD48,NA,Gene_C1QTNF7
NA,NA,NA,NA,Gene_IL7R,Gene_ZNF185,NA,Gene_CXCL17
NA,NA,NA,NA,Gene_SLC15A1,Gene_PROM1,NA,Gene_ZCCHC12
NA,NA,NA,NA,Gene_CD3E,Gene_ADGRD2,NA,Gene_AC092691.1
NA,NA,NA,NA,Gene_LYZ,Gene_ARMCX2,NA,Gene_RADX
NA,NA,NA,NA,Gene_LINC02562,Gene_GLRB,NA,Gene_IGF2BP2
NA,NA,NA,NA,Gene_CASQ1,Gene_NRG1,NA,Gene_PODN
NA,NA,NA,NA,Gene_GPR183,Gene_CDC42EP5,NA,Gene_NAV3
NA,NA,NA,NA,Gene_TSPAN2,Gene_SV2B,NA,Gene_TLR10
NA,NA,NA,NA,Gene_DEFB1,Gene_SLC6A16,NA,Gene_CST7
NA,NA,NA,NA,Gene_AF001548.3,Gene_F13A1,NA,Gene_ZCCHC18
NA,NA,NA,NA,Gene_ADH1C,Gene_SYNPO2,NA,Gene_CYP3A5
NA,NA,NA,NA,Gene_SFRP1,Gene_RND3,NA,Gene_TGFBR3
NA,NA,NA,NA,Gene_HSPB7,Gene_CLDN11,NA,Gene_SLC24A3
NA,NA,NA,NA,Gene_FBXO27,Gene_SLC7A3,NA,Gene_LGI3
NA,NA,NA,NA,Gene_MDFI,Gene_HACD1,NA,Gene_KCTD14
NA,NA,NA,NA,Gene_GRIK2,Gene_MT1A,NA,Gene_CD207
NA,NA,NA,NA,Gene_DDO,Gene_VSNL1,NA,Gene_SLC14A1
NA,NA,NA,NA,Gene_GZMA,Gene_MT1L,NA,Gene_PNMA8A
NA,NA,NA,NA,Gene_CXCR6,Gene_AC005831.1,NA,Gene_PAPSS2
NA,NA,NA,NA,Gene_SMIM10L2B,Gene_VTCN1,NA,Gene_ENTPD3
NA,NA,NA,NA,Gene_PTPRC,Gene_KNDC1,NA,Gene_LTBP1
NA,NA,NA,NA,Gene_DES,Gene_PPARGC1A,NA,Gene_NIBAN3
NA,NA,NA,NA,Gene_RFPL2,Gene_ABCC9,NA,Gene_MPZ
NA,NA,NA,NA,Gene_TSHZ2,Gene_SLC1A7,NA,Gene_ANK2
NA,NA,NA,NA,Gene_GIPR,Gene_CNTN1,NA,Gene_ASXL3
NA,NA,NA,NA,Gene_MAN1A1,Gene_MBNL1-AS1,NA,Gene_OMD
NA,NA,NA,NA,Gene_TTC22,Gene_FLNC,NA,Gene_CLMP
NA,NA,NA,NA,Gene_SHH,Gene_TRIM22,NA,Gene_LOC100506388
NA,NA,NA,NA,Gene_WIF1,Gene_LY9,NA,Gene_LINC00839
NA,NA,NA,NA,Gene_PIGR,Gene_CXCL1,NA,Gene_HSPB8
NA,NA,NA,NA,Gene_MPPED1,Gene_MIR205HG,NA,Gene_HOXA7
NA,NA,NA,NA,Gene_SYT8,Gene_GSTP1,NA,Gene_MS4A2
NA,NA,NA,NA,Gene_SPATA18,Gene_SEMA3E,NA,Gene_HECW1
NA,NA,NA,NA,Gene_ST6GALNAC1,Gene_RASL11A,NA,Gene_PHYHD1
NA,NA,NA,NA,Gene_RORB,Gene_LRP1B,NA,Gene_CD248
NA,NA,NA,NA,Gene_DKK1,Gene_AC107918.4,NA,Gene_MYZAP
NA,NA,NA,NA,Gene_DAB1,Gene_TNS4,NA,Gene_TTBK1
NA,NA,NA,NA,Gene_C3,Gene_CSRNP3,NA,Gene_APOBEC3G
NA,NA,NA,NA,Gene_ITGB6,Gene_AP000547.3,NA,Gene_ADAMTSL5
NA,NA,NA,NA,Gene_NOS1,Gene_PLSCR4,NA,Gene_S100A4
NA,NA,NA,NA,Gene_PRRX1,Gene_PCDH9,NA,Gene_GPAT3
NA,NA,NA,NA,Gene_PLP1,Gene_FZD10,NA,Gene_ADAM22
NA,NA,NA,NA,Gene_KCNK3,Gene_C1S,NA,Gene_BDNF
NA,NA,NA,NA,Gene_KRT7,Gene_SERP2,NA,Gene_DPYD
NA,NA,NA,NA,Gene_DUOXA1,Gene_LOC105374618,NA,Gene_PCOLCE2
NA,NA,NA,NA,Gene_PDLIM3,Gene_RIC3,NA,Gene_SLC27A6
NA,NA,NA,NA,Gene_ADAMTS18,Gene_AC025284.1,NA,Gene_POM121L9P
NA,NA,NA,NA,Gene_KCNQ2,Gene_SCG5,NA,Gene_EFEMP1
NA,NA,NA,NA,Gene_SFRP2,Gene_NGFR,NA,Gene_LINC00672
NA,NA,NA,NA,Gene_ZNF711,Gene_P2RX1,NA,Gene_CDO1
NA,NA,NA,NA,Gene_NEFL,Gene_KCNJ8,NA,Gene_CCDC69
NA,NA,NA,NA,Gene_NPPC,Gene_HYDIN2,NA,Gene_NAP1L3
NA,NA,NA,NA,Gene_LUM,Gene_ITGA2,NA,Gene_TRAF3IP3
NA,NA,NA,NA,Gene_TRAC,Gene_LINC00958,NA,Gene_KRT4
NA,NA,NA,NA,Gene_FOXI1,Gene_CPEB1,NA,Gene_CYP24A1
NA,NA,NA,NA,Gene_KRT16P6,Gene_SLC22A3,NA,Gene_SOD3
NA,NA,NA,NA,Gene_MARCO,Gene_ENPEP,NA,Gene_IGFBP6
NA,NA,NA,NA,Gene_RNF128,Gene_UCHL1,NA,Gene_SCN3B
NA,NA,NA,NA,Gene_RHCG,Gene_ARSI,NA,Gene_KCNQ5
NA,NA,NA,NA,Gene_CD38,Gene_FRRS1L,NA,Gene_PDGFC
NA,NA,NA,NA,NA,Gene_ARMCX4,NA,Gene_BCL11A
NA,NA,NA,NA,NA,Gene_COCH,NA,Gene_GLT8D2
NA,NA,NA,NA,NA,Gene_COX7A1,NA,Gene_CNTN4
NA,NA,NA,NA,NA,Gene_AC024337.2,NA,Gene_GCNT4
NA,NA,NA,NA,NA,Gene_FBLN2,NA,Gene_CD22
NA,NA,NA,NA,NA,Gene_CLEC10A,NA,Gene_GZMK
NA,NA,NA,NA,NA,Gene_ZNF154,NA,Gene_PTN
NA,NA,NA,NA,NA,Gene_PRKCQ,NA,Gene_AC015845.2
NA,NA,NA,NA,NA,Gene_FCRLA,NA,Gene_PLD4
NA,NA,NA,NA,NA,Gene_PRDM5,NA,Gene_NR2F1
NA,NA,NA,NA,NA,Gene_CCR2,NA,Gene_TCEAL2
NA,NA,NA,NA,NA,Gene_PLAGL1,NA,Gene_JPH2
NA,NA,NA,NA,NA,Gene_LOC93429,NA,Gene_CELF2
NA,NA,NA,NA,NA,Gene_ZNF835,NA,Gene_ARSJ
NA,NA,NA,NA,NA,Gene_CKM,NA,Gene_CD3G
NA,NA,NA,NA,NA,Gene_CHAD,NA,Gene_MYOF
NA,NA,NA,NA,NA,Gene_SAMD12,NA,Gene_THEMIS
NA,NA,NA,NA,NA,Gene_FBN1,NA,Gene_RGMA
NA,NA,NA,NA,NA,Gene_TPSD1,NA,Gene_CNN2
NA,NA,NA,NA,NA,Gene_ECM2,NA,Gene_SSPN
NA,NA,NA,NA,NA,Gene_MYOM1,NA,Gene_GFPT2
NA,NA,NA,NA,NA,Gene_HHIP-AS1,NA,Gene_MS4A1
NA,NA,NA,NA,NA,Gene_NTF4,NA,Gene_NECAB1
NA,NA,NA,NA,NA,Gene_CLU,NA,Gene_ZNF662
NA,NA,NA,NA,NA,Gene_SGCD,NA,Gene_ANGPTL7
NA,NA,NA,NA,NA,Gene_GABRA3,NA,Gene_OSR2
NA,NA,NA,NA,NA,Gene_MFAP4,NA,Gene_PDE5A
NA,NA,NA,NA,NA,Gene_S100A6,NA,Gene_ADAMTSL3
NA,NA,NA,NA,NA,Gene_SPIB,NA,Gene_SLITRK6
NA,NA,NA,NA,NA,Gene_INAVA,NA,Gene_FBLN5
NA,NA,NA,NA,NA,Gene_TNC,NA,Gene_CCDC60
NA,NA,NA,NA,NA,Gene_GLIS3,NA,Gene_ECRG4
NA,NA,NA,NA,NA,Gene_TAGLN,NA,Gene_ADIRF-AS1
NA,NA,NA,NA,NA,Gene_ITGB8,NA,Gene_SOX2
NA,NA,NA,NA,NA,Gene_SEMA6D,NA,Gene_ATOH8
NA,NA,NA,NA,NA,Gene_MIR205,NA,Gene_TMEM40
NA,NA,NA,NA,NA,Gene_RERG,NA,Gene_LIMS2
NA,NA,NA,NA,NA,Gene_CCDC3,NA,Gene_UPK1A
NA,NA,NA,NA,NA,Gene_ST6GAL2,NA,Gene_IQCA1
NA,NA,NA,NA,NA,Gene_ACTA2-AS1,NA,Gene_ST8SIA1
NA,NA,NA,NA,NA,Gene_DUSP26,NA,Gene_KRT23
NA,NA,NA,NA,NA,Gene_CCR4,NA,Gene_NR1H4
NA,NA,NA,NA,NA,Gene_GBP1P1,NA,Gene_MAGI2-AS3
NA,NA,NA,NA,NA,Gene_TNFRSF11B,NA,Gene_ADGRL2
NA,NA,NA,NA,NA,Gene_AC053503.6,NA,Gene_ADAM23
NA,NA,NA,NA,NA,Gene_PGR,NA,Gene_CES1P1
NA,NA,NA,NA,NA,Gene_CRTAM,NA,Gene_INSYN2B
NA,NA,NA,NA,NA,Gene_IL2RB,NA,Gene_CAVIN1
NA,NA,NA,NA,NA,Gene_INMT,NA,Gene_ITGB4
NA,NA,NA,NA,NA,Gene_S1PR3,NA,Gene_CTSW
NA,NA,NA,NA,NA,Gene_SIGLEC14,NA,Gene_PRPH2
NA,NA,NA,NA,NA,Gene_IL33,NA,Gene_COL17A1
NA,NA,NA,NA,NA,Gene_CEND1,NA,Gene_DIO3OS
NA,NA,NA,NA,NA,Gene_STK33,NA,Gene_CDH10
NA,NA,NA,NA,NA,Gene_COL4A3,NA,Gene_ZNF204P
NA,NA,NA,NA,NA,Gene_CA3,NA,Gene_TENM3
NA,NA,NA,NA,NA,Gene_GPR132,NA,Gene_SLIT2
NA,NA,NA,NA,NA,Gene_FREM2,NA,Gene_LGR5
NA,NA,NA,NA,NA,Gene_AC008687.3,NA,Gene_MYL9
NA,NA,NA,NA,NA,Gene_PLEKHH2,NA,Gene_MRAP2
NA,NA,NA,NA,NA,Gene_TPM2,NA,Gene_PTGIS
NA,NA,NA,NA,NA,Gene_AC073062.1,NA,Gene_CNTN2
NA,NA,NA,NA,NA,Gene_NELL1,NA,Gene_CPVL
NA,NA,NA,NA,NA,Gene_AC016582.3,NA,Gene_TAGAP
NA,NA,NA,NA,NA,Gene_CCR5,NA,Gene_SERPINF2
NA,NA,NA,NA,NA,Gene_LRRK2,NA,Gene_FLRT3
NA,NA,NA,NA,NA,Gene_TMEM158,NA,Gene_PDE6B
NA,NA,NA,NA,NA,Gene_CRACR2A,NA,Gene_CAPN8
NA,NA,NA,NA,NA,Gene_ENPP6,NA,Gene_CYP27C1
NA,NA,NA,NA,NA,Gene_RAC2,NA,Gene_SNHG18
NA,NA,NA,NA,NA,Gene_IGSF9B,NA,Gene_BLK
NA,NA,NA,NA,NA,Gene_S100A14,NA,Gene_GAS1
NA,NA,NA,NA,NA,Gene_CCL14,NA,Gene_GALNT5
NA,NA,NA,NA,NA,Gene_C16orf89,NA,Gene_COPZ2
NA,NA,NA,NA,NA,Gene_S100B,NA,Gene_AARD
NA,NA,NA,NA,NA,Gene_CHGB,NA,Gene_KCNMB1
NA,NA,NA,NA,NA,Gene_SCARA5,NA,Gene_PTCHD1
NA,NA,NA,NA,NA,Gene_IGDCC4,NA,Gene_DYNC1I1
NA,NA,NA,NA,NA,Gene_FST,NA,Gene_RARRES2
NA,NA,NA,NA,NA,Gene_CLDN10,NA,Gene_FCRL3
NA,NA,NA,NA,NA,Gene_ZNF655,NA,Gene_MFAP2
NA,NA,NA,NA,NA,Gene_AP002800.1,NA,Gene_ITGA8
NA,NA,NA,NA,NA,Gene_MSLN,NA,Gene_RRN3P1
NA,NA,NA,NA,NA,Gene_GGT6,NA,Gene_KCNQ3
NA,NA,NA,NA,NA,Gene_STAC2,NA,Gene_ITGB7
NA,NA,NA,NA,NA,Gene_HR,NA,Gene_THSD7B
NA,NA,NA,NA,NA,Gene_ALOX5AP,NA,Gene_SERTAD4
NA,NA,NA,NA,NA,Gene_CFAP300,NA,Gene_HSD17B13
NA,NA,NA,NA,NA,Gene_KRT13,NA,Gene_GFRA2
NA,NA,NA,NA,NA,Gene_SCN11A,NA,Gene_NIPAL4
NA,NA,NA,NA,NA,Gene_PCDH10,NA,Gene_MAP3K20
NA,NA,NA,NA,NA,Gene_MKX,NA,Gene_CEACAM1
NA,NA,NA,NA,NA,Gene_RBMS3,NA,Gene_SERTM2
NA,NA,NA,NA,NA,Gene_ARL4D,NA,Gene_FHL1
NA,NA,NA,NA,NA,Gene_PWWP3B,NA,Gene_CAVIN2
NA,NA,NA,NA,NA,Gene_SELP,NA,Gene_NDP
NA,NA,NA,NA,NA,Gene_ADAMTS5,NA,Gene_S1PR5
NA,NA,NA,NA,NA,Gene_TAFA4,NA,Gene_LINC00506
NA,NA,NA,NA,NA,Gene_ANXA1,NA,Gene_CAV2
NA,NA,NA,NA,NA,Gene_SH3BGRL,NA,Gene_IGSF10
NA,NA,NA,NA,NA,Gene_SGCA,NA,Gene_CD8A
NA,NA,NA,NA,NA,Gene_LINC01515,NA,Gene_WFDC1
NA,NA,NA,NA,NA,Gene_C1R,NA,Gene_AC053503.4
NA,NA,NA,NA,NA,Gene_NTN4,NA,Gene_PTGDS
NA,NA,NA,NA,NA,Gene_GBP2,NA,Gene_CCL28
NA,NA,NA,NA,NA,Gene_PLN,NA,Gene_RERGL
NA,NA,NA,NA,NA,Gene_TPSB2,NA,Gene_GLI1
NA,NA,NA,NA,NA,Gene_CFH,NA,Gene_GAPT
NA,NA,NA,NA,NA,Gene_C10orf99,NA,Gene_WNT6
NA,NA,NA,NA,NA,Gene_TNFSF14,NA,Gene_COL27A1
NA,NA,NA,NA,NA,Gene_CHRNA7,NA,Gene_DTNA
NA,NA,NA,NA,NA,Gene_LOC100507336,NA,Gene_DUOX1
NA,NA,NA,NA,NA,Gene_MAOB,NA,Gene_CD48
NA,NA,NA,NA,NA,Gene_ITGAL,NA,Gene_ZNF185
NA,NA,NA,NA,NA,Gene_MIR100HG,NA,Gene_PROM1
NA,NA,NA,NA,NA,Gene_TMOD1,NA,Gene_ADGRD2
NA,NA,NA,NA,NA,Gene_CDHR1,NA,Gene_ARMCX2
NA,NA,NA,NA,NA,Gene_ARHGAP40,NA,Gene_GLRB
NA,NA,NA,NA,NA,Gene_ABCA8,NA,Gene_NRG1
NA,NA,NA,NA,NA,Gene_CCL5,NA,Gene_CDC42EP5
NA,NA,NA,NA,NA,Gene_ADGRG5,NA,Gene_SV2B
NA,NA,NA,NA,NA,Gene_ACTG2,NA,Gene_SLC6A16
NA,NA,NA,NA,NA,Gene_CNN1,NA,Gene_F13A1
NA,NA,NA,NA,NA,Gene_GLB1L3,NA,Gene_SYNPO2
NA,NA,NA,NA,NA,Gene_CDH20,NA,Gene_RND3
NA,NA,NA,NA,NA,Gene_AC018629.1,NA,Gene_CLDN11
NA,NA,NA,NA,NA,Gene_NRXN2,NA,Gene_SLC7A3
NA,NA,NA,NA,NA,Gene_AC126177.3,NA,Gene_HACD1
NA,NA,NA,NA,NA,Gene_TPSAB1,NA,Gene_MT1A
NA,NA,NA,NA,NA,Gene_NEGR1,NA,Gene_VSNL1
NA,NA,NA,NA,NA,Gene_PRELP,NA,Gene_MT1L
NA,NA,NA,NA,NA,Gene_MRGPRF,NA,Gene_AC005831.1
NA,NA,NA,NA,NA,Gene_HHIP,NA,Gene_VTCN1
NA,NA,NA,NA,NA,Gene_ITGB2-AS1,NA,Gene_KNDC1
NA,NA,NA,NA,NA,Gene_AC061961.1,NA,Gene_PPARGC1A
NA,NA,NA,NA,NA,Gene_UBE2QL1,NA,Gene_ABCC9
NA,NA,NA,NA,NA,Gene_APOD,NA,Gene_SLC1A7
NA,NA,NA,NA,NA,Gene_LGALS9B,NA,Gene_CNTN1
NA,NA,NA,NA,NA,Gene_PHYHIP,NA,Gene_MBNL1-AS1
NA,NA,NA,NA,NA,Gene_DIO3,NA,Gene_FLNC
NA,NA,NA,NA,NA,Gene_NEXN,NA,Gene_TRIM22
NA,NA,NA,NA,NA,Gene_SNCG,NA,Gene_LY9
NA,NA,NA,NA,NA,Gene_AC036108.3,NA,Gene_CXCL1
NA,NA,NA,NA,NA,Gene_DACT3,NA,Gene_MIR205HG
NA,NA,NA,NA,NA,Gene_MUC4,NA,Gene_GSTP1
NA,NA,NA,NA,NA,Gene_EDIL3,NA,Gene_SEMA3E
NA,NA,NA,NA,NA,Gene_NAPSB,NA,Gene_RASL11A
NA,NA,NA,NA,NA,Gene_ALOX12P2,NA,Gene_LRP1B
NA,NA,NA,NA,NA,Gene_DACT1,NA,Gene_AC107918.4
NA,NA,NA,NA,NA,Gene_RSPO3,NA,Gene_TNS4
NA,NA,NA,NA,NA,Gene_ZNF385D,NA,Gene_CSRNP3
NA,NA,NA,NA,NA,Gene_IKZF1,NA,Gene_AP000547.3
NA,NA,NA,NA,NA,Gene_TRIM31,NA,Gene_PLSCR4
NA,NA,NA,NA,NA,Gene_DUOX2,NA,Gene_PCDH9
NA,NA,NA,NA,NA,Gene_SNCAIP,NA,Gene_FZD10
NA,NA,NA,NA,NA,Gene_BCL11B,NA,Gene_C1S
NA,NA,NA,NA,NA,Gene_SLC2A5,NA,Gene_SERP2
NA,NA,NA,NA,NA,Gene_STUM,NA,Gene_LOC105374618
NA,NA,NA,NA,NA,Gene_TNFAIP8L3,NA,Gene_RIC3
NA,NA,NA,NA,NA,Gene_HLA-DOA,NA,Gene_AC025284.1
NA,NA,NA,NA,NA,Gene_ANXA8,NA,Gene_SCG5
NA,NA,NA,NA,NA,Gene_IL1B,NA,Gene_NGFR
NA,NA,NA,NA,NA,Gene_AF165147.1,NA,Gene_P2RX1
NA,NA,NA,NA,NA,Gene_ROBO1,NA,Gene_KCNJ8
NA,NA,NA,NA,NA,Gene_CCDC181,NA,Gene_HYDIN2
NA,NA,NA,NA,NA,Gene_SYT9,NA,Gene_ITGA2
NA,NA,NA,NA,NA,Gene_SLC34A2,NA,Gene_LINC00958
NA,NA,NA,NA,NA,Gene_TMEM255A,NA,Gene_CPEB1
NA,NA,NA,NA,NA,Gene_PLCH2,NA,Gene_SLC22A3
NA,NA,NA,NA,NA,Gene_EOMES,NA,Gene_ENPEP
NA,NA,NA,NA,NA,Gene_CFTR,NA,Gene_UCHL1
NA,NA,NA,NA,NA,Gene_DSC3,NA,Gene_ARSI
NA,NA,NA,NA,NA,Gene_CLCA4,NA,Gene_FRRS1L
NA,NA,NA,NA,NA,Gene_EMX2OS,NA,Gene_ARMCX4
NA,NA,NA,NA,NA,Gene_DLGAP1,NA,Gene_COCH
NA,NA,NA,NA,NA,Gene_HMCN1,NA,Gene_COX7A1
NA,NA,NA,NA,NA,Gene_ELN,NA,Gene_AC024337.2
NA,NA,NA,NA,NA,Gene_SRRM3,NA,Gene_FBLN2
NA,NA,NA,NA,NA,Gene_WSCD2,NA,Gene_CLEC10A
NA,NA,NA,NA,NA,Gene_ABCC3,NA,Gene_ZNF154
NA,NA,NA,NA,NA,Gene_ACTC1,NA,Gene_PRKCQ
NA,NA,NA,NA,NA,Gene_KCNH2,NA,Gene_FCRLA
NA,NA,NA,NA,NA,Gene_ALDH1A1,NA,Gene_PRDM5
NA,NA,NA,NA,NA,Gene_ICAM3,NA,Gene_CCR2
NA,NA,NA,NA,NA,Gene_CDH17,NA,Gene_PLAGL1
NA,NA,NA,NA,NA,Gene_FCGR3B,NA,Gene_LOC93429
NA,NA,NA,NA,NA,Gene_EDNRB,NA,Gene_ZNF835
NA,NA,NA,NA,NA,Gene_AKR1C2,NA,Gene_CKM
NA,NA,NA,NA,NA,Gene_ITK,NA,Gene_CHAD
NA,NA,NA,NA,NA,Gene_PDGFRA,NA,Gene_SAMD12
NA,NA,NA,NA,NA,Gene_ADH1B,NA,Gene_FBN1
NA,NA,NA,NA,NA,Gene_AHNAK2,NA,Gene_TPSD1
NA,NA,NA,NA,NA,Gene_VGLL3,NA,Gene_ECM2
NA,NA,NA,NA,NA,Gene_ANXA8L1,NA,Gene_MYOM1
NA,NA,NA,NA,NA,Gene_KRT15,NA,Gene_HHIP-AS1
NA,NA,NA,NA,NA,Gene_NAALAD2,NA,Gene_NTF4
NA,NA,NA,NA,NA,Gene_CYP4F29P,NA,Gene_CLU
NA,NA,NA,NA,NA,Gene_HSPB3,NA,Gene_SGCD
NA,NA,NA,NA,NA,Gene_KIAA1755,NA,Gene_GABRA3
NA,NA,NA,NA,NA,Gene_TMPRSS4,NA,Gene_MFAP4
NA,NA,NA,NA,NA,Gene_FBN2,NA,Gene_S100A6
NA,NA,NA,NA,NA,Gene_KRT5,NA,Gene_SPIB
NA,NA,NA,NA,NA,Gene_PRRX2,NA,Gene_INAVA
NA,NA,NA,NA,NA,Gene_GABRP,NA,Gene_TNC
NA,NA,NA,NA,NA,Gene_SLAMF6,NA,Gene_GLIS3
NA,NA,NA,NA,NA,Gene_KRT16,NA,Gene_TAGLN
NA,NA,NA,NA,NA,Gene_IL7R,NA,Gene_ITGB8
NA,NA,NA,NA,NA,Gene_SLC15A1,NA,Gene_SEMA6D
NA,NA,NA,NA,NA,Gene_CD3E,NA,Gene_MIR205
NA,NA,NA,NA,NA,Gene_LYZ,NA,Gene_RERG
NA,NA,NA,NA,NA,Gene_LINC02562,NA,Gene_CCDC3
NA,NA,NA,NA,NA,Gene_CASQ1,NA,Gene_ST6GAL2
NA,NA,NA,NA,NA,Gene_GPR183,NA,Gene_ACTA2-AS1
NA,NA,NA,NA,NA,Gene_TSPAN2,NA,Gene_DUSP26
NA,NA,NA,NA,NA,Gene_DEFB1,NA,Gene_CCR4
NA,NA,NA,NA,NA,Gene_AF001548.3,NA,Gene_GBP1P1
NA,NA,NA,NA,NA,Gene_ADH1C,NA,Gene_TNFRSF11B
NA,NA,NA,NA,NA,Gene_SFRP1,NA,Gene_AC053503.6
NA,NA,NA,NA,NA,Gene_HSPB7,NA,Gene_PGR
NA,NA,NA,NA,NA,Gene_FBXO27,NA,Gene_CRTAM
NA,NA,NA,NA,NA,Gene_MDFI,NA,Gene_IL2RB
NA,NA,NA,NA,NA,Gene_GRIK2,NA,Gene_INMT
NA,NA,NA,NA,NA,Gene_DDO,NA,Gene_S1PR3
NA,NA,NA,NA,NA,Gene_GZMA,NA,Gene_SIGLEC14
NA,NA,NA,NA,NA,Gene_CXCR6,NA,Gene_IL33
NA,NA,NA,NA,NA,Gene_SMIM10L2B,NA,Gene_CEND1
NA,NA,NA,NA,NA,Gene_PTPRC,NA,Gene_STK33
NA,NA,NA,NA,NA,Gene_DES,NA,Gene_COL4A3
NA,NA,NA,NA,NA,Gene_RFPL2,NA,Gene_CA3
NA,NA,NA,NA,NA,Gene_TSHZ2,NA,Gene_GPR132
NA,NA,NA,NA,NA,Gene_GIPR,NA,Gene_FREM2
NA,NA,NA,NA,NA,Gene_MAN1A1,NA,Gene_AC008687.3
NA,NA,NA,NA,NA,Gene_TTC22,NA,Gene_PLEKHH2
NA,NA,NA,NA,NA,Gene_SHH,NA,Gene_TPM2
NA,NA,NA,NA,NA,Gene_WIF1,NA,Gene_AC073062.1
NA,NA,NA,NA,NA,Gene_PIGR,NA,Gene_NELL1
NA,NA,NA,NA,NA,Gene_MPPED1,NA,Gene_AC016582.3
NA,NA,NA,NA,NA,Gene_SYT8,NA,Gene_CCR5
NA,NA,NA,NA,NA,Gene_SPATA18,NA,Gene_LRRK2
NA,NA,NA,NA,NA,Gene_ST6GALNAC1,NA,Gene_TMEM158
NA,NA,NA,NA,NA,Gene_RORB,NA,Gene_CRACR2A
NA,NA,NA,NA,NA,Gene_DKK1,NA,Gene_ENPP6
NA,NA,NA,NA,NA,Gene_DAB1,NA,Gene_RAC2
NA,NA,NA,NA,NA,Gene_C3,NA,Gene_IGSF9B
NA,NA,NA,NA,NA,Gene_ITGB6,NA,Gene_S100A14
NA,NA,NA,NA,NA,Gene_NOS1,NA,Gene_CCL14
NA,NA,NA,NA,NA,Gene_PRRX1,NA,Gene_C16orf89
NA,NA,NA,NA,NA,Gene_PLP1,NA,Gene_S100B
NA,NA,NA,NA,NA,Gene_KCNK3,NA,Gene_CHGB
NA,NA,NA,NA,NA,Gene_KRT7,NA,Gene_SCARA5
NA,NA,NA,NA,NA,Gene_DUOXA1,NA,Gene_IGDCC4
NA,NA,NA,NA,NA,Gene_PDLIM3,NA,Gene_FST
NA,NA,NA,NA,NA,Gene_ADAMTS18,NA,Gene_CLDN10
NA,NA,NA,NA,NA,Gene_KCNQ2,NA,Gene_ZNF655
NA,NA,NA,NA,NA,Gene_SFRP2,NA,Gene_AP002800.1
NA,NA,NA,NA,NA,Gene_ZNF711,NA,Gene_MSLN
NA,NA,NA,NA,NA,Gene_NEFL,NA,Gene_GGT6
NA,NA,NA,NA,NA,Gene_NPPC,NA,Gene_STAC2
NA,NA,NA,NA,NA,Gene_LUM,NA,Gene_HR
NA,NA,NA,NA,NA,Gene_TRAC,NA,Gene_ALOX5AP
NA,NA,NA,NA,NA,Gene_FOXI1,NA,Gene_CFAP300
NA,NA,NA,NA,NA,Gene_KRT16P6,NA,Gene_KRT13
NA,NA,NA,NA,NA,Gene_MARCO,NA,Gene_SCN11A
NA,NA,NA,NA,NA,Gene_RNF128,NA,Gene_PCDH10
NA,NA,NA,NA,NA,Gene_RHCG,NA,Gene_MKX
NA,NA,NA,NA,NA,Gene_CD38,NA,Gene_RBMS3
NA,NA,NA,NA,NA,NA,NA,Gene_ARL4D
NA,NA,NA,NA,NA,NA,NA,Gene_PWWP3B
NA,NA,NA,NA,NA,NA,NA,Gene_SELP
NA,NA,NA,NA,NA,NA,NA,Gene_ADAMTS5
NA,NA,NA,NA,NA,NA,NA,Gene_TAFA4
NA,NA,NA,NA,NA,NA,NA,Gene_ANXA1
NA,NA,NA,NA,NA,NA,NA,Gene_SH3BGRL
NA,NA,NA,NA,NA,NA,NA,Gene_SGCA
NA,NA,NA,NA,NA,NA,NA,Gene_LINC01515
NA,NA,NA,NA,NA,NA,NA,Gene_C1R
NA,NA,NA,NA,NA,NA,NA,Gene_NTN4
NA,NA,NA,NA,NA,NA,NA,Gene_GBP2
NA,NA,NA,NA,NA,NA,NA,Gene_PLN
NA,NA,NA,NA,NA,NA,NA,Gene_TPSB2
NA,NA,NA,NA,NA,NA,NA,Gene_CFH
NA,NA,NA,NA,NA,NA,NA,Gene_C10orf99
NA,NA,NA,NA,NA,NA,NA,Gene_TNFSF14
NA,NA,NA,NA,NA,NA,NA,Gene_CHRNA7
NA,NA,NA,NA,NA,NA,NA,Gene_LOC100507336
NA,NA,NA,NA,NA,NA,NA,Gene_MAOB
NA,NA,NA,NA,NA,NA,NA,Gene_ITGAL
NA,NA,NA,NA,NA,NA,NA,Gene_MIR100HG
NA,NA,NA,NA,NA,NA,NA,Gene_TMOD1
NA,NA,NA,NA,NA,NA,NA,Gene_CDHR1
NA,NA,NA,NA,NA,NA,NA,Gene_ARHGAP40
NA,NA,NA,NA,NA,NA,NA,Gene_ABCA8
NA,NA,NA,NA,NA,NA,NA,Gene_CCL5
NA,NA,NA,NA,NA,NA,NA,Gene_ADGRG5
NA,NA,NA,NA,NA,NA,NA,Gene_ACTG2
NA,NA,NA,NA,NA,NA,NA,Gene_CNN1
NA,NA,NA,NA,NA,NA,NA,Gene_GLB1L3
NA,NA,NA,NA,NA,NA,NA,Gene_CDH20
NA,NA,NA,NA,NA,NA,NA,Gene_AC018629.1
NA,NA,NA,NA,NA,NA,NA,Gene_NRXN2
NA,NA,NA,NA,NA,NA,NA,Gene_AC126177.3
NA,NA,NA,NA,NA,NA,NA,Gene_TPSAB1
NA,NA,NA,NA,NA,NA,NA,Gene_NEGR1
NA,NA,NA,NA,NA,NA,NA,Gene_PRELP
NA,NA,NA,NA,NA,NA,NA,Gene_MRGPRF
NA,NA,NA,NA,NA,NA,NA,Gene_HHIP
NA,NA,NA,NA,NA,NA,NA,Gene_ITGB2-AS1
NA,NA,NA,NA,NA,NA,NA,Gene_AC061961.1
NA,NA,NA,NA,NA,NA,NA,Gene_UBE2QL1
NA,NA,NA,NA,NA,NA,NA,Gene_APOD
NA,NA,NA,NA,NA,NA,NA,Gene_LGALS9B
NA,NA,NA,NA,NA,NA,NA,Gene_PHYHIP
NA,NA,NA,NA,NA,NA,NA,Gene_DIO3
NA,NA,NA,NA,NA,NA,NA,Gene_NEXN
NA,NA,NA,NA,NA,NA,NA,Gene_SNCG
NA,NA,NA,NA,NA,NA,NA,Gene_AC036108.3
NA,NA,NA,NA,NA,NA,NA,Gene_DACT3
NA,NA,NA,NA,NA,NA,NA,Gene_MUC4
NA,NA,NA,NA,NA,NA,NA,Gene_EDIL3
NA,NA,NA,NA,NA,NA,NA,Gene_NAPSB
NA,NA,NA,NA,NA,NA,NA,Gene_ALOX12P2
NA,NA,NA,NA,NA,NA,NA,Gene_DACT1
NA,NA,NA,NA,NA,NA,NA,Gene_RSPO3
NA,NA,NA,NA,NA,NA,NA,Gene_ZNF385D
NA,NA,NA,NA,NA,NA,NA,Gene_IKZF1
NA,NA,NA,NA,NA,NA,NA,Gene_TRIM31
NA,NA,NA,NA,NA,NA,NA,Gene_DUOX2
NA,NA,NA,NA,NA,NA,NA,Gene_SNCAIP
NA,NA,NA,NA,NA,NA,NA,Gene_BCL11B
NA,NA,NA,NA,NA,NA,NA,Gene_SLC2A5
NA,NA,NA,NA,NA,NA,NA,Gene_STUM
NA,NA,NA,NA,NA,NA,NA,Gene_TNFAIP8L3
NA,NA,NA,NA,NA,NA,NA,Gene_HLA-DOA
NA,NA,NA,NA,NA,NA,NA,Gene_ANXA8
NA,NA,NA,NA,NA,NA,NA,Gene_IL1B
NA,NA,NA,NA,NA,NA,NA,Gene_AF165147.1
NA,NA,NA,NA,NA,NA,NA,Gene_ROBO1
NA,NA,NA,NA,NA,NA,NA,Gene_CCDC181
NA,NA,NA,NA,NA,NA,NA,Gene_SYT9
NA,NA,NA,NA,NA,NA,NA,Gene_SLC34A2
NA,NA,NA,NA,NA,NA,NA,Gene_TMEM255A
NA,NA,NA,NA,NA,NA,NA,Gene_PLCH2
NA,NA,NA,NA,NA,NA,NA,Gene_EOMES
NA,NA,NA,NA,NA,NA,NA,Gene_CFTR
NA,NA,NA,NA,NA,NA,NA,Gene_DSC3
NA,NA,NA,NA,NA,NA,NA,Gene_CLCA4
NA,NA,NA,NA,NA,NA,NA,Gene_EMX2OS
NA,NA,NA,NA,NA,NA,NA,Gene_DLGAP1
NA,NA,NA,NA,NA,NA,NA,Gene_ELN
NA,NA,NA,NA,NA,NA,NA,Gene_SRRM3
NA,NA,NA,NA,NA,NA,NA,Gene_WSCD2
NA,NA,NA,NA,NA,NA,NA,Gene_ABCC3
NA,NA,NA,NA,NA,NA,NA,Gene_ACTC1
NA,NA,NA,NA,NA,NA,NA,Gene_KCNH2
NA,NA,NA,NA,NA,NA,NA,Gene_ALDH1A1
NA,NA,NA,NA,NA,NA,NA,Gene_ICAM3
NA,NA,NA,NA,NA,NA,NA,Gene_CDH17
NA,NA,NA,NA,NA,NA,NA,Gene_FCGR3B
NA,NA,NA,NA,NA,NA,NA,Gene_EDNRB
NA,NA,NA,NA,NA,NA,NA,Gene_AKR1C2
NA,NA,NA,NA,NA,NA,NA,Gene_ITK
NA,NA,NA,NA,NA,NA,NA,Gene_PDGFRA
NA,NA,NA,NA,NA,NA,NA,Gene_ADH1B
NA,NA,NA,NA,NA,NA,NA,Gene_AHNAK2
NA,NA,NA,NA,NA,NA,NA,Gene_VGLL3
NA,NA,NA,NA,NA,NA,NA,Gene_ANXA8L1
NA,NA,NA,NA,NA,NA,NA,Gene_KRT15
NA,NA,NA,NA,NA,NA,NA,Gene_NAALAD2
NA,NA,NA,NA,NA,NA,NA,Gene_CYP4F29P
NA,NA,NA,NA,NA,NA,NA,Gene_HSPB3
NA,NA,NA,NA,NA,NA,NA,Gene_KIAA1755
NA,NA,NA,NA,NA,NA,NA,Gene_TMPRSS4
NA,NA,NA,NA,NA,NA,NA,Gene_FBN2
NA,NA,NA,NA,NA,NA,NA,Gene_KRT5
NA,NA,NA,NA,NA,NA,NA,Gene_PRRX2
NA,NA,NA,NA,NA,NA,NA,Gene_GABRP
NA,NA,NA,NA,NA,NA,NA,Gene_SLAMF6
NA,NA,NA,NA,NA,NA,NA,Gene_KRT16
NA,NA,NA,NA,NA,NA,NA,Gene_IL7R
NA,NA,NA,NA,NA,NA,NA,Gene_SLC15A1
NA,NA,NA,NA,NA,NA,NA,Gene_CD3E
NA,NA,NA,NA,NA,NA,NA,Gene_LYZ
NA,NA,NA,NA,NA,NA,NA,Gene_LINC02562
NA,NA,NA,NA,NA,NA,NA,Gene_CASQ1
NA,NA,NA,NA,NA,NA,NA,Gene_GPR183
NA,NA,NA,NA,NA,NA,NA,Gene_TSPAN2
NA,NA,NA,NA,NA,NA,NA,Gene_DEFB1
NA,NA,NA,NA,NA,NA,NA,Gene_AF001548.3
NA,NA,NA,NA,NA,NA,NA,Gene_ADH1C
NA,NA,NA,NA,NA,NA,NA,Gene_SFRP1
NA,NA,NA,NA,NA,NA,NA,Gene_HSPB7
NA,NA,NA,NA,NA,NA,NA,Gene_FBXO27
NA,NA,NA,NA,NA,NA,NA,Gene_MDFI
NA,NA,NA,NA,NA,NA,NA,Gene_GRIK2
NA,NA,NA,NA,NA,NA,NA,Gene_DDO
NA,NA,NA,NA,NA,NA,NA,Gene_GZMA
NA,NA,NA,NA,NA,NA,NA,Gene_CXCR6
NA,NA,NA,NA,NA,NA,NA,Gene_SMIM10L2B
NA,NA,NA,NA,NA,NA,NA,Gene_PTPRC
NA,NA,NA,NA,NA,NA,NA,Gene_DES
NA,NA,NA,NA,NA,NA,NA,Gene_RFPL2
NA,NA,NA,NA,NA,NA,NA,Gene_TSHZ2
NA,NA,NA,NA,NA,NA,NA,Gene_GIPR
NA,NA,NA,NA,NA,NA,NA,Gene_MAN1A1
NA,NA,NA,NA,NA,NA,NA,Gene_TTC22
NA,NA,NA,NA,NA,NA,NA,Gene_SHH
NA,NA,NA,NA,NA,NA,NA,Gene_WIF1
NA,NA,NA,NA,NA,NA,NA,Gene_PIGR
NA,NA,NA,NA,NA,NA,NA,Gene_MPPED1
NA,NA,NA,NA,NA,NA,NA,Gene_SYT8
NA,NA,NA,NA,NA,NA,NA,Gene_SPATA18
NA,NA,NA,NA,NA,NA,NA,Gene_ST6GALNAC1
NA,NA,NA,NA,NA,NA,NA,Gene_RORB
NA,NA,NA,NA,NA,NA,NA,Gene_DKK1
NA,NA,NA,NA,NA,NA,NA,Gene_DAB1
NA,NA,NA,NA,NA,NA,NA,Gene_C3
NA,NA,NA,NA,NA,NA,NA,Gene_ITGB6
NA,NA,NA,NA,NA,NA,NA,Gene_NOS1
NA,NA,NA,NA,NA,NA,NA,Gene_PRRX1
NA,NA,NA,NA,NA,NA,NA,Gene_PLP1
NA,NA,NA,NA,NA,NA,NA,Gene_KCNK3
NA,NA,NA,NA,NA,NA,NA,Gene_KRT7
NA,NA,NA,NA,NA,NA,NA,Gene_DUOXA1
NA,NA,NA,NA,NA,NA,NA,Gene_PDLIM3
NA,NA,NA,NA,NA,NA,NA,Gene_ADAMTS18
NA,NA,NA,NA,NA,NA,NA,Gene_KCNQ2
NA,NA,NA,NA,NA,NA,NA,Gene_SFRP2
NA,NA,NA,NA,NA,NA,NA,Gene_ZNF711
NA,NA,NA,NA,NA,NA,NA,Gene_NEFL
NA,NA,NA,NA,NA,NA,NA,Gene_NPPC
NA,NA,NA,NA,NA,NA,NA,Gene_LUM
NA,NA,NA,NA,NA,NA,NA,Gene_TRAC
NA,NA,NA,NA,NA,NA,NA,Gene_FOXI1
NA,NA,NA,NA,NA,NA,NA,Gene_KRT16P6
NA,NA,NA,NA,NA,NA,NA,Gene_MARCO
NA,NA,NA,NA,NA,NA,NA,Gene_RNF128
NA,NA,NA,NA,NA,NA,NA,Gene_RHCG
NA,NA,NA,NA,NA,NA,NA,Gene_CD38
